
==========================================
PermiePortal Daily Run — Sat Apr 11 01:40:01 PM UTC 2026
==========================================
Plants in queue: 158
Pests in queue:  0
0


📅 Daily batch mode
   Plants: up to 20 from queue_plants.txt
   Pests:  up to 10 from queue_pests.txt

  Plants queued: 20
  Pests queued:  0

==================================================
🌱 Processing 20 plants
==================================================

🌱 Processing plant: # ── RARE TROPICAL FRUIT ─────────────────────────────────────────
  🔍 Searching images for: # ── RARE TROPICAL FRUIT ─────────────────────────────────────────
    ⚠️  No image found — placeholder will be used
    📝 Created: src/seeds/plants/rare-tropical-fruit-data.yml

🌱 Processing plant: Cupuacu
  🔍 Searching images for: Cupuacu
    ✅ Found on iNaturalist
    💾 Saved: public/assets/plants/cupuacu.jpg
    📝 Created: src/seeds/plants/cupuacu-data.yml

🌱 Processing plant: Bacuri
  🔍 Searching images for: Bacuri
    ✅ Found on iNaturalist
    💾 Saved: public/assets/plants/bacuri.jpg
    📝 Created: src/seeds/plants/bacuri-data.yml

🌱 Processing plant: Bacupari
  🔍 Searching images for: Bacupari
    ✅ Found on iNaturalist
    💾 Saved: public/assets/plants/bacupari.jpg
    📝 Created: src/seeds/plants/bacupari-data.yml

🌱 Processing plant: Murici
  🔍 Searching images for: Murici
    ✅ Found on iNaturalist
    💾 Saved: public/assets/plants/murici.jpg
    📝 Created: src/seeds/plants/murici-data.yml

🌱 Processing plant: Coquinho Azedo
  🔍 Searching images for: Coquinho Azedo
    ⚠️  No image found — placeholder will be used
    📝 Created: src/seeds/plants/coquinho-azedo-data.yml

🌱 Processing plant: Bignay
  🔍 Searching images for: Bignay
    ✅ Found on iNaturalist
    💾 Saved: public/assets/plants/bignay.jpg
    📝 Created: src/seeds/plants/bignay-data.yml

🌱 Processing plant: Jatoba
  🔍 Searching images for: Jatoba
    ✅ Found on iNaturalist
    💾 Saved: public/assets/plants/jatoba.jpg
    📝 Created: src/seeds/plants/jatoba-data.yml

🌱 Processing plant: Imbe
  🔍 Searching images for: Imbe
    ✅ Found on iNaturalist
    💾 Saved: public/assets/plants/imbe.jpg
    📝 Created: src/seeds/plants/imbe-data.yml

🌱 Processing plant: Ilama
  🔍 Searching images for: Ilama
    ✅ Found on iNaturalist
    💾 Saved: public/assets/plants/ilama.jpg
    📝 Created: src/seeds/plants/ilama-data.yml

🌱 Processing plant: Kwai Muk
  🔍 Searching images for: Kwai Muk
    ✅ Found on iNaturalist
    💾 Saved: public/assets/plants/kwai_muk.jpg
    📝 Created: src/seeds/plants/kwai-muk-data.yml

🌱 Processing plant: Marang
  🔍 Searching images for: Marang
    ✅ Found on iNaturalist
    💾 Saved: public/assets/plants/marang.jpg
    📝 Created: src/seeds/plants/marang-data.yml

🌱 Processing plant: Peach Palm
  🔍 Searching images for: Peach Palm
    ✅ Found on iNaturalist
    💾 Saved: public/assets/plants/peach_palm.jpg
    📝 Created: src/seeds/plants/peach-palm-data.yml

🌱 Processing plant: Bactris Gasipaes
  🔍 Searching images for: Bactris Gasipaes
    ✅ Found on iNaturalist
    💾 Saved: public/assets/plants/bactris_gasipaes.jpg
    📝 Created: src/seeds/plants/bactris-gasipaes-data.yml

🌱 Processing plant: Buriti Palm
  🔍 Searching images for: Buriti Palm
    ⚠️  No image found — placeholder will be used
    📝 Created: src/seeds/plants/buriti-palm-data.yml

🌱 Processing plant: Tucuma Palm
  🔍 Searching images for: Tucuma Palm
    ⚠️  No image found — placeholder will be used
    📝 Created: src/seeds/plants/tucuma-palm-data.yml

🌱 Processing plant: Aguaje Palm
  🔍 Searching images for: Aguaje Palm
    ⚠️  No image found — placeholder will be used
    📝 Created: src/seeds/plants/aguaje-palm-data.yml

🌱 Processing plant: Acai Palm
  🔍 Searching images for: Acai Palm
    ✅ Found on iNaturalist
    💾 Saved: public/assets/plants/acai_palm.jpg
    📝 Created: src/seeds/plants/acai-palm-data.yml

🌱 Processing plant: Jucara Palm
  🔍 Searching images for: Jucara Palm
    ✅ Found on iNaturalist
    💾 Saved: public/assets/plants/jucara_palm.jpg
    📝 Created: src/seeds/plants/jucara-palm-data.yml

🌱 Processing plant: Jelly Palm
  🔍 Searching images for: Jelly Palm
    ✅ Found on iNaturalist
    💾 Saved: public/assets/plants/jelly_palm.jpg
    📝 Created: src/seeds/plants/jelly-palm-data.yml

==================================================
✅ Done — 20 items processed
  Plants: # ── RARE TROPICAL FRUIT ─────────────────────────────────────────, Cupuacu, Bacuri, Bacupari, Murici, Coquinho Azedo, Bignay, Jatoba, Imbe, Ilama, Kwai Muk, Marang, Peach Palm, Bactris Gasipaes, Buriti Palm, Tucuma Palm, Aguaje Palm, Acai Palm, Jucara Palm, Jelly Palm

📋 Cursor Agent prompt saved to: /home/dracos/apps/permieportal/review/cursor_agent_prompt.md

==================================================
📋 NEXT STEPS
==================================================
1. Open Cursor in this project
2. Switch to Agent mode (not chat)
3. Paste contents of: review/cursor_agent_prompt.md
4. Let Agent enrich all NEEDS_DATA fields
5. When done, Agent will run ./sync.sh automatically
6. Review at http://localhost:4321/plants and /pests
7. Commit when satisfied:
   git add -A && git commit -m "add 20 new entries"

  📋 138 plants still in queue (queue_plants.txt)

Done — Sat Apr 11 01:40:27 PM UTC 2026

Next step: open Cursor Agent and paste review/cursor_agent_prompt.md

==========================================
PermiePortal Daily Run — Sat Apr 11 02:00:01 PM UTC 2026
==========================================
Plants in queue: 118
Pests in queue:  0
0


📅 Daily batch mode
   Plants: up to 20 from queue_plants.txt
   Pests:  up to 10 from queue_pests.txt

  Plants queued: 20
  Pests queued:  0

==================================================
🌱 Processing 20 plants
==================================================

🌱 Processing plant: Blue Flag Iris
  🔍 Searching images for: Blue Flag Iris
    ✅ Found on Wikimedia Commons
    💾 Saved: public/assets/plants/blue_flag_iris.jpg
    📝 Created: src/seeds/plants/blue-flag-iris-data.yml

🌱 Processing plant: Cardinal Flower
  🔍 Searching images for: Cardinal Flower
    ✅ Found on Wikimedia Commons
    💾 Saved: public/assets/plants/cardinal_flower.jpg
    📝 Created: src/seeds/plants/cardinal-flower-data.yml

🌱 Processing plant: # ── SUBTROPICAL VEGETABLES ──────────────────────────────────────
  🔍 Searching images for: # ── SUBTROPICAL VEGETABLES ──────────────────────────────────────
    ⚠️  No image found — placeholder will be used
    📝 Created: src/seeds/plants/subtropical-vegetables-data.yml

🌱 Processing plant: Malabar Spinach
  🔍 Searching images for: Malabar Spinach
    ✅ Found on Wikimedia Commons
    ⏭️  Image already exists: malabar_spinach.jpg
  ⏭️  Skipping Malabar Spinach — YAML already exists

🌱 Processing plant: New Zealand Spinach
  🔍 Searching images for: New Zealand Spinach
    ✅ Found on Wikimedia Commons
    💾 Saved: public/assets/plants/new_zealand_spinach.jpg
    📝 Created: src/seeds/plants/new-zealand-spinach-data.yml

🌱 Processing plant: Warrigal Greens
  🔍 Searching images for: Warrigal Greens
    ✅ Found on iNaturalist
    💾 Saved: public/assets/plants/warrigal_greens.jpg
    📝 Created: src/seeds/plants/warrigal-greens-data.yml

🌱 Processing plant: Tree Spinach
  🔍 Searching images for: Tree Spinach
    ✅ Found on Wikimedia Commons
    ⚠️  Download failed: HTTP Error 429: Too many requests (f061ab2)
    📝 Created: src/seeds/plants/tree-spinach-data.yml

🌱 Processing plant: Ahipa
  🔍 Searching images for: Ahipa
    ✅ Found on Wikimedia Commons
    ⚠️  Download failed: HTTP Error 429: Too many requests (f061ab2)
    📝 Created: src/seeds/plants/ahipa-data.yml

🌱 Processing plant: Yam Bean
  🔍 Searching images for: Yam Bean
    ✅ Found on Wikimedia Commons
    💾 Saved: public/assets/plants/yam_bean.jpg
    📝 Created: src/seeds/plants/yam-bean-data.yml

🌱 Processing plant: Jicama
  🔍 Searching images for: Jicama
    ✅ Found on Wikimedia Commons
    ⚠️  Download failed: HTTP Error 429: Too many requests (f061ab2)
    📝 Created: src/seeds/plants/jicama-data.yml

🌱 Processing plant: Air Potato
  🔍 Searching images for: Air Potato
    ✅ Found on Wikimedia Commons
    ⚠️  Download failed: HTTP Error 429: Too many requests (f061ab2)
    📝 Created: src/seeds/plants/air-potato-data.yml

🌱 Processing plant: Chinese Yam
  🔍 Searching images for: Chinese Yam
    ✅ Found on Wikimedia Commons
    ⚠️  Download failed: HTTP Error 429: Too many requests (f061ab2)
    📝 Created: src/seeds/plants/chinese-yam-data.yml

🌱 Processing plant: Cinnamon Vine
  🔍 Searching images for: Cinnamon Vine
    ✅ Found on Wikimedia Commons
    💾 Saved: public/assets/plants/cinnamon_vine.jpg
    📝 Created: src/seeds/plants/cinnamon-vine-data.yml

🌱 Processing plant: Bitter Yam
  🔍 Searching images for: Bitter Yam
    ✅ Found on Wikimedia Commons
    ⚠️  Download failed: HTTP Error 429: Too many requests - please contact noc@wikimedia.org to discuss a less disruptive approach or instead use thumbnail images in sizes listed on https://w.wiki/GHai. (0c640b1)
    📝 Created: src/seeds/plants/bitter-yam-data.yml

🌱 Processing plant: White Yam
  🔍 Searching images for: White Yam
    ✅ Found on Wikimedia Commons
    ⚠️  Download failed: HTTP Error 429: Too many requests - please contact noc@wikimedia.org to discuss a less disruptive approach or instead use thumbnail images in sizes listed on https://w.wiki/GHai. (0c640b1)
    📝 Created: src/seeds/plants/white-yam-data.yml

🌱 Processing plant: Yellow Yam
  🔍 Searching images for: Yellow Yam
    ✅ Found on Wikimedia Commons
    ⚠️  Download failed: HTTP Error 429: Too many requests - please contact noc@wikimedia.org to discuss a less disruptive approach or instead use thumbnail images in sizes listed on https://w.wiki/GHai. (0c640b1)
    📝 Created: src/seeds/plants/yellow-yam-data.yml

🌱 Processing plant: Water Yam
  🔍 Searching images for: Water Yam
    ✅ Found on Wikimedia Commons
    ⚠️  Download failed: HTTP Error 429: Too many requests - please contact noc@wikimedia.org to discuss a less disruptive approach or instead use thumbnail images in sizes listed on https://w.wiki/GHai. (0c640b1)
    📝 Created: src/seeds/plants/water-yam-data.yml

🌱 Processing plant: Guinea Yam
  🔍 Searching images for: Guinea Yam
    ✅ Found on Wikimedia Commons
    ⚠️  Download failed: HTTP Error 429: Too many requests - please contact noc@wikimedia.org to discuss a less disruptive approach or instead use thumbnail images in sizes listed on https://w.wiki/GHai. (0c640b1)
    📝 Created: src/seeds/plants/guinea-yam-data.yml

🌱 Processing plant: Elephant Foot Yam
  🔍 Searching images for: Elephant Foot Yam
    ✅ Found on Wikimedia Commons
    ⚠️  Download failed: HTTP Error 429: Too many requests - please contact noc@wikimedia.org to discuss a less disruptive approach or instead use thumbnail images in sizes listed on https://w.wiki/GHai. (0c640b1)
    📝 Created: src/seeds/plants/elephant-foot-yam-data.yml

🌱 Processing plant: Suran
  🔍 Searching images for: Suran
    ✅ Found on Wikimedia Commons
    ⚠️  Download failed: HTTP Error 429: Too many requests - please contact noc@wikimedia.org to discuss a less disruptive approach or instead use thumbnail images in sizes listed on https://w.wiki/GHai. (0c640b1)
    📝 Created: src/seeds/plants/suran-data.yml

==================================================
✅ Done — 19 items processed
  Plants: Blue Flag Iris, Cardinal Flower, # ── SUBTROPICAL VEGETABLES ──────────────────────────────────────, New Zealand Spinach, Warrigal Greens, Tree Spinach, Ahipa, Yam Bean, Jicama, Air Potato, Chinese Yam, Cinnamon Vine, Bitter Yam, White Yam, Yellow Yam, Water Yam, Guinea Yam, Elephant Foot Yam, Suran

📋 Cursor Agent prompt saved to: /home/dracos/apps/permieportal/review/cursor_agent_prompt.md

==================================================
📋 NEXT STEPS
==================================================
1. Open Cursor in this project
2. Switch to Agent mode (not chat)
3. Paste contents of: review/cursor_agent_prompt.md
4. Let Agent enrich all NEEDS_DATA fields
5. When done, Agent will run ./sync.sh automatically
6. Review at http://localhost:4321/plants and /pests
7. Commit when satisfied:
   git add -A && git commit -m "add 19 new entries"

  📋 98 plants still in queue (queue_plants.txt)

Done — Sat Apr 11 02:00:34 PM UTC 2026

Next step: open Cursor Agent and paste review/cursor_agent_prompt.md

==========================================
PermiePortal Daily Run — Sat Apr 11 02:20:01 PM UTC 2026
==========================================
Plants in queue: 98
Pests in queue:  0
0


📅 Daily batch mode
   Plants: up to 20 from queue_plants.txt
   Pests:  up to 10 from queue_pests.txt

  Plants queued: 20
  Pests queued:  0

==================================================
🌱 Processing 20 plants
==================================================

🌱 Processing plant: Konjac
  🔍 Searching images for: Konjac
    ✅ Found on Wikimedia Commons
    💾 Saved: public/assets/plants/konjac.jpg
    📝 Created: src/seeds/plants/konjac-data.yml

🌱 Processing plant: Amorphophallus
  🔍 Searching images for: Amorphophallus
    ✅ Found on Wikimedia Commons
    💾 Saved: public/assets/plants/amorphophallus.jpg
    📝 Created: src/seeds/plants/amorphophallus-data.yml

🌱 Processing plant: Gnetum
  🔍 Searching images for: Gnetum
    ✅ Found on Wikimedia Commons
    ⚠️  Download failed: HTTP Error 429: Too many requests (f061ab2)
    📝 Created: src/seeds/plants/gnetum-data.yml

🌱 Processing plant: # ── HERBS AND AROMATICS ─────────────────────────────────────────
  🔍 Searching images for: # ── HERBS AND AROMATICS ─────────────────────────────────────────
    ✅ Found on Wikimedia Commons
    ⚠️  Download failed: HTTP Error 429: Too many requests (f061ab2)
    📝 Created: src/seeds/plants/herbs-and-aromatics-data.yml

🌱 Processing plant: Fever Few
  🔍 Searching images for: Fever Few
    ⚠️  No image found — placeholder will be used
    📝 Created: src/seeds/plants/fever-few-data.yml

🌱 Processing plant: Motherwort
  🔍 Searching images for: Motherwort
    ✅ Found on Wikimedia Commons
    💾 Saved: public/assets/plants/motherwort.jpg
    📝 Created: src/seeds/plants/motherwort-data.yml

🌱 Processing plant: Skullcap
  🔍 Searching images for: Skullcap
    ✅ Found on Wikimedia Commons
    💾 Saved: public/assets/plants/skullcap.jpg
    📝 Created: src/seeds/plants/skullcap-data.yml

🌱 Processing plant: Valerian
  🔍 Searching images for: Valerian
    ✅ Found on Wikimedia Commons
    ⚠️  Download failed: HTTP Error 429: Too many requests (f061ab2)
    📝 Created: src/seeds/plants/valerian-data.yml

🌱 Processing plant: Passionflower
  🔍 Searching images for: Passionflower
    ✅ Found on Wikimedia Commons
    ⚠️  Download failed: HTTP Error 429: Too many requests (f061ab2)
    📝 Created: src/seeds/plants/passionflower-data.yml

🌱 Processing plant: Kava
  🔍 Searching images for: Kava
    ✅ Found on Wikimedia Commons
    💾 Saved: public/assets/plants/kava.jpg
    📝 Created: src/seeds/plants/kava-data.yml

🌱 Processing plant: Kratom
  🔍 Searching images for: Kratom
    ✅ Found on Wikimedia Commons
    💾 Saved: public/assets/plants/kratom.jpg
    📝 Created: src/seeds/plants/kratom-data.yml

🌱 Processing plant: Damiana
  🔍 Searching images for: Damiana
    ✅ Found on Wikimedia Commons
    ⚠️  Download failed: HTTP Error 429: Too many requests (f061ab2)
    📝 Created: src/seeds/plants/damiana-data.yml

🌱 Processing plant: Mugwort
  🔍 Searching images for: Mugwort
    ✅ Found on Wikimedia Commons
    ⚠️  Download failed: HTTP Error 429: Too many requests (f061ab2)
    📝 Created: src/seeds/plants/mugwort-data.yml

🌱 Processing plant: Artemisia
  🔍 Searching images for: Artemisia
    ✅ Found on Wikimedia Commons
    ⚠️  Download failed: HTTP Error 429: Too many requests - please contact noc@wikimedia.org to discuss a less disruptive approach or instead use thumbnail images in sizes listed on https://w.wiki/GHai. (0c640b1)
    📝 Created: src/seeds/plants/artemisia-data.yml

🌱 Processing plant: White Sage
  🔍 Searching images for: White Sage
    ✅ Found on Wikimedia Commons
    ⚠️  Download failed: HTTP Error 429: Too many requests - please contact noc@wikimedia.org to discuss a less disruptive approach or instead use thumbnail images in sizes listed on https://w.wiki/GHai. (0c640b1)
    📝 Created: src/seeds/plants/white-sage-data.yml

🌱 Processing plant: Desert Sage
  🔍 Searching images for: Desert Sage
    ✅ Found on Wikimedia Commons
    ⚠️  Download failed: HTTP Error 429: Too many requests - please contact noc@wikimedia.org to discuss a less disruptive approach or instead use thumbnail images in sizes listed on https://w.wiki/GHai. (0c640b1)
    📝 Created: src/seeds/plants/desert-sage-data.yml

🌱 Processing plant: Clary Sage
  🔍 Searching images for: Clary Sage
    ✅ Found on Wikimedia Commons
    ⚠️  Download failed: HTTP Error 429: Too many requests - please contact noc@wikimedia.org to discuss a less disruptive approach or instead use thumbnail images in sizes listed on https://w.wiki/GHai. (0c640b1)
    📝 Created: src/seeds/plants/clary-sage-data.yml

🌱 Processing plant: Pineapple Sage
  🔍 Searching images for: Pineapple Sage
    ✅ Found on Wikimedia Commons
    ⚠️  Download failed: HTTP Error 429: Too many requests - please contact noc@wikimedia.org to discuss a less disruptive approach or instead use thumbnail images in sizes listed on https://w.wiki/GHai. (0c640b1)
    📝 Created: src/seeds/plants/pineapple-sage-data.yml

🌱 Processing plant: Fruit Sage
  🔍 Searching images for: Fruit Sage
    ✅ Found on Wikimedia Commons
    ⚠️  Download failed: HTTP Error 429: Too many requests - please contact noc@wikimedia.org to discuss a less disruptive approach or instead use thumbnail images in sizes listed on https://w.wiki/GHai. (0c640b1)
    📝 Created: src/seeds/plants/fruit-sage-data.yml

🌱 Processing plant: Honey Melon Sage
  🔍 Searching images for: Honey Melon Sage
    ⚠️  No image found — placeholder will be used
    📝 Created: src/seeds/plants/honey-melon-sage-data.yml

==================================================
✅ Done — 20 items processed
  Plants: Konjac, Amorphophallus, Gnetum, # ── HERBS AND AROMATICS ─────────────────────────────────────────, Fever Few, Motherwort, Skullcap, Valerian, Passionflower, Kava, Kratom, Damiana, Mugwort, Artemisia, White Sage, Desert Sage, Clary Sage, Pineapple Sage, Fruit Sage, Honey Melon Sage

📋 Cursor Agent prompt saved to: /home/dracos/apps/permieportal/review/cursor_agent_prompt.md

==================================================
📋 NEXT STEPS
==================================================
1. Open Cursor in this project
2. Switch to Agent mode (not chat)
3. Paste contents of: review/cursor_agent_prompt.md
4. Let Agent enrich all NEEDS_DATA fields
5. When done, Agent will run ./sync.sh automatically
6. Review at http://localhost:4321/plants and /pests
7. Commit when satisfied:
   git add -A && git commit -m "add 20 new entries"

  📋 78 plants still in queue (queue_plants.txt)

Done — Sat Apr 11 02:20:35 PM UTC 2026

Next step: open Cursor Agent and paste review/cursor_agent_prompt.md

==========================================
PermiePortal Daily Run — Sat Apr 11 02:40:01 PM UTC 2026
==========================================
Plants in queue: 78
Pests in queue:  0
0


📅 Daily batch mode
   Plants: up to 20 from queue_plants.txt
   Pests:  up to 10 from queue_pests.txt

  Plants queued: 20
  Pests queued:  0

==================================================
🌱 Processing 20 plants
==================================================

🌱 Processing plant: Mexican Bush Sage
  🔍 Searching images for: Mexican Bush Sage
    ✅ Found on Wikimedia Commons
    💾 Saved: public/assets/plants/mexican_bush_sage.jpg
    📝 Created: src/seeds/plants/mexican-bush-sage-data.yml

🌱 Processing plant: Cleveland Sage
  🔍 Searching images for: Cleveland Sage
    ✅ Found on iNaturalist
    💾 Saved: public/assets/plants/cleveland_sage.jpg
    📝 Created: src/seeds/plants/cleveland-sage-data.yml

🌱 Processing plant: Black Sage
  🔍 Searching images for: Black Sage
    ✅ Found on Wikimedia Commons
    💾 Saved: public/assets/plants/black_sage.jpg
    📝 Created: src/seeds/plants/black-sage-data.yml

🌱 Processing plant: Blue Sage
  🔍 Searching images for: Blue Sage
    ✅ Found on Wikimedia Commons
    ⚠️  Download failed: HTTP Error 429: Too many requests (f061ab2)
    📝 Created: src/seeds/plants/blue-sage-data.yml

🌱 Processing plant: # ── FIBER AND INDUSTRIAL ────────────────────────────────────────
  🔍 Searching images for: # ── FIBER AND INDUSTRIAL ────────────────────────────────────────
    ✅ Found on Wikimedia Commons
    💾 Saved: public/assets/plants/fiber_and_industrial.jpg
    📝 Created: src/seeds/plants/fiber-and-industrial-data.yml

🌱 Processing plant: Sisal
  🔍 Searching images for: Sisal
    ✅ Found on Wikimedia Commons
    ⚠️  Download failed: HTTP Error 429: Too many requests (f061ab2)
    📝 Created: src/seeds/plants/sisal-data.yml

🌱 Processing plant: Henequen
  🔍 Searching images for: Henequen
    ✅ Found on Wikimedia Commons
    💾 Saved: public/assets/plants/henequen.jpg
    📝 Created: src/seeds/plants/henequen-data.yml

🌱 Processing plant: Agave Americana
  🔍 Searching images for: Agave Americana
    ✅ Found on Wikimedia Commons
    ⚠️  Download failed: HTTP Error 429: Too many requests (f061ab2)
    📝 Created: src/seeds/plants/agave-americana-data.yml

🌱 Processing plant: Blue Agave
  🔍 Searching images for: Blue Agave
    ✅ Found on Wikimedia Commons
    ⚠️  Download failed: HTTP Error 429: Too many requests (f061ab2)
    📝 Created: src/seeds/plants/blue-agave-data.yml

🌱 Processing plant: Century Plant
  🔍 Searching images for: Century Plant
    ✅ Found on Wikimedia Commons
    ⚠️  Download failed: HTTP Error 429: Too many requests (f061ab2)
    📝 Created: src/seeds/plants/century-plant-data.yml

🌱 Processing plant: Flax
  🔍 Searching images for: Flax
    ✅ Found on Wikimedia Commons
    💾 Saved: public/assets/plants/flax.jpg
    📝 Created: src/seeds/plants/flax-data.yml

🌱 Processing plant: Hemp
  🔍 Searching images for: Hemp
    ✅ Found on Wikimedia Commons
    💾 Saved: public/assets/plants/hemp.jpg
    📝 Created: src/seeds/plants/hemp-data.yml

🌱 Processing plant: Jute
  🔍 Searching images for: Jute
    ✅ Found on Wikimedia Commons
    ⚠️  Download failed: HTTP Error 429: Too many requests (f061ab2)
    📝 Created: src/seeds/plants/jute-data.yml

🌱 Processing plant: Ramie
  🔍 Searching images for: Ramie
    ✅ Found on Wikimedia Commons
    ⚠️  Download failed: HTTP Error 429: Too many requests - please contact noc@wikimedia.org to discuss a less disruptive approach or instead use thumbnail images in sizes listed on https://w.wiki/GHai. (0c640b1)
    📝 Created: src/seeds/plants/ramie-data.yml

🌱 Processing plant: Stinging Nettle
  🔍 Searching images for: Stinging Nettle
    ✅ Found on Wikimedia Commons
    ⚠️  Download failed: HTTP Error 429: Too many requests - please contact noc@wikimedia.org to discuss a less disruptive approach or instead use thumbnail images in sizes listed on https://w.wiki/GHai. (0c640b1)
    📝 Created: src/seeds/plants/stinging-nettle-data.yml

🌱 Processing plant: Stinging Tree
  🔍 Searching images for: Stinging Tree
    ✅ Found on Wikimedia Commons
    ⚠️  Download failed: HTTP Error 429: Too many requests - please contact noc@wikimedia.org to discuss a less disruptive approach or instead use thumbnail images in sizes listed on https://w.wiki/GHai. (0c640b1)
    📝 Created: src/seeds/plants/stinging-tree-data.yml

🌱 Processing plant: Buffalo Gourd
  🔍 Searching images for: Buffalo Gourd
    ✅ Found on Wikimedia Commons
    ⚠️  Download failed: HTTP Error 429: Too many requests - please contact noc@wikimedia.org to discuss a less disruptive approach or instead use thumbnail images in sizes listed on https://w.wiki/GHai. (0c640b1)
    📝 Created: src/seeds/plants/buffalo-gourd-data.yml

🌱 Processing plant: Bottle Gourd
  🔍 Searching images for: Bottle Gourd
    ✅ Found on Wikimedia Commons
    ⚠️  Download failed: HTTP Error 429: Too many requests - please contact noc@wikimedia.org to discuss a less disruptive approach or instead use thumbnail images in sizes listed on https://w.wiki/GHai. (0c640b1)
    📝 Created: src/seeds/plants/bottle-gourd-data.yml

🌱 Processing plant: Birdhouse Gourd
  🔍 Searching images for: Birdhouse Gourd
    ✅ Found on Wikimedia Commons
    💾 Saved: public/assets/plants/birdhouse_gourd.jpg
    📝 Created: src/seeds/plants/birdhouse-gourd-data.yml

🌱 Processing plant: Bushel Gourd
  🔍 Searching images for: Bushel Gourd
    ⚠️  No image found — placeholder will be used
    📝 Created: src/seeds/plants/bushel-gourd-data.yml

==================================================
✅ Done — 20 items processed
  Plants: Mexican Bush Sage, Cleveland Sage, Black Sage, Blue Sage, # ── FIBER AND INDUSTRIAL ────────────────────────────────────────, Sisal, Henequen, Agave Americana, Blue Agave, Century Plant, Flax, Hemp, Jute, Ramie, Stinging Nettle, Stinging Tree, Buffalo Gourd, Bottle Gourd, Birdhouse Gourd, Bushel Gourd

📋 Cursor Agent prompt saved to: /home/dracos/apps/permieportal/review/cursor_agent_prompt.md

==================================================
📋 NEXT STEPS
==================================================
1. Open Cursor in this project
2. Switch to Agent mode (not chat)
3. Paste contents of: review/cursor_agent_prompt.md
4. Let Agent enrich all NEEDS_DATA fields
5. When done, Agent will run ./sync.sh automatically
6. Review at http://localhost:4321/plants and /pests
7. Commit when satisfied:
   git add -A && git commit -m "add 20 new entries"

  📋 58 plants still in queue (queue_plants.txt)

Done — Sat Apr 11 02:40:34 PM UTC 2026

Next step: open Cursor Agent and paste review/cursor_agent_prompt.md

==========================================
PermiePortal Daily Run — Sat Apr 11 03:00:01 PM UTC 2026
==========================================
Plants in queue: 58
Pests in queue:  0
0


📅 Daily batch mode
   Plants: up to 20 from queue_plants.txt
   Pests:  up to 10 from queue_pests.txt

  Plants queued: 20
  Pests queued:  0

==================================================
🌱 Processing 20 plants
==================================================

🌱 Processing plant: Caveman Club Gourd
  🔍 Searching images for: Caveman Club Gourd
    ⚠️  No image found — placeholder will be used
    📝 Created: src/seeds/plants/caveman-club-gourd-data.yml

🌱 Processing plant: Dinosaur Gourd
  🔍 Searching images for: Dinosaur Gourd
    ⚠️  No image found — placeholder will be used
    📝 Created: src/seeds/plants/dinosaur-gourd-data.yml

🌱 Processing plant: Corsican Gourd
  🔍 Searching images for: Corsican Gourd
    ✅ Found on Wikimedia Commons
    💾 Saved: public/assets/plants/corsican_gourd.jpg
    📝 Created: src/seeds/plants/corsican-gourd-data.yml

🌱 Processing plant: Apple Gourd
  🔍 Searching images for: Apple Gourd
    ✅ Found on Wikimedia Commons
    💾 Saved: public/assets/plants/apple_gourd.jpg
    📝 Created: src/seeds/plants/apple-gourd-data.yml

🌱 Processing plant: Penguin Gourd
  🔍 Searching images for: Penguin Gourd
    ⚠️  No image found — placeholder will be used
    📝 Created: src/seeds/plants/penguin-gourd-data.yml

🌱 Processing plant: # ── DYNAMIC ACCUMULATORS ────────────────────────────────────────
  🔍 Searching images for: # ── DYNAMIC ACCUMULATORS ────────────────────────────────────────
    ✅ Found on Wikimedia Commons
    💾 Saved: public/assets/plants/dynamic_accumulators.jpg
    📝 Created: src/seeds/plants/dynamic-accumulators-data.yml

🌱 Processing plant: Borage
  🔍 Searching images for: Borage
    ✅ Found on Wikimedia Commons
    ⏭️  Image already exists: borage.jpg
  ⏭️  Skipping Borage — YAML already exists

🌱 Processing plant: Buckwheat
  🔍 Searching images for: Buckwheat
    ✅ Found on Wikimedia Commons
    ⚠️  Download failed: HTTP Error 429: Too many requests (f061ab2)
    📝 Created: src/seeds/plants/buckwheat-data.yml

🌱 Processing plant: Phacelia
  🔍 Searching images for: Phacelia
    ✅ Found on Wikimedia Commons
    💾 Saved: public/assets/plants/phacelia.jpg
    📝 Created: src/seeds/plants/phacelia-data.yml

🌱 Processing plant: Chicory
  🔍 Searching images for: Chicory
    ✅ Found on Wikimedia Commons
    ⚠️  Download failed: HTTP Error 429: Too many requests (f061ab2)
    📝 Created: src/seeds/plants/chicory-data.yml

🌱 Processing plant: Dandelion
  🔍 Searching images for: Dandelion
    ✅ Found on Wikimedia Commons
    ⏭️  Image already exists: dandelion.jpg
  ⏭️  Skipping Dandelion — YAML already exists

🌱 Processing plant: Plantain
  🔍 Searching images for: Plantain
    ✅ Found on Wikimedia Commons
    ⏭️  Image already exists: plantain.jpg
  ⏭️  Skipping Plantain — YAML already exists

🌱 Processing plant: Burdock
  🔍 Searching images for: Burdock
    ✅ Found on Wikimedia Commons
    💾 Saved: public/assets/plants/burdock.jpg
    📝 Created: src/seeds/plants/burdock-data.yml

🌱 Processing plant: Yellow Dock
  🔍 Searching images for: Yellow Dock
    ✅ Found on Wikimedia Commons
    ⚠️  Download failed: HTTP Error 429: Too many requests (f061ab2)
    📝 Created: src/seeds/plants/yellow-dock-data.yml

🌱 Processing plant: Sorrel
  🔍 Searching images for: Sorrel
    ✅ Found on Wikimedia Commons
    ⏭️  Image already exists: sorrel.jpg
  ⏭️  Skipping Sorrel — YAML already exists

🌱 Processing plant: Sheep Sorrel
  🔍 Searching images for: Sheep Sorrel
    ✅ Found on Wikimedia Commons
    ⏭️  Image already exists: sheep_sorrel.jpg
  ⏭️  Skipping Sheep Sorrel — YAML already exists

🌱 Processing plant: Broadleaf Plantain
  🔍 Searching images for: Broadleaf Plantain
    ✅ Found on Wikimedia Commons
    💾 Saved: public/assets/plants/broadleaf_plantain.jpg
    📝 Created: src/seeds/plants/broadleaf-plantain-data.yml

🌱 Processing plant: Ribwort Plantain
  🔍 Searching images for: Ribwort Plantain
    ✅ Found on Wikimedia Commons
    ⚠️  Download failed: HTTP Error 429: Too many requests (f061ab2)
    📝 Created: src/seeds/plants/ribwort-plantain-data.yml

🌱 Processing plant: Sea Plantain
  🔍 Searching images for: Sea Plantain
    ✅ Found on Wikimedia Commons
    ⚠️  Download failed: HTTP Error 429: Too many requests - please contact noc@wikimedia.org to discuss a less disruptive approach or instead use thumbnail images in sizes listed on https://w.wiki/GHai. (0c640b1)
    📝 Created: src/seeds/plants/sea-plantain-data.yml

🌱 Processing plant: Hoary Plantain
  🔍 Searching images for: Hoary Plantain
    ✅ Found on Wikimedia Commons
    ⚠️  Download failed: HTTP Error 429: Too many requests - please contact noc@wikimedia.org to discuss a less disruptive approach or instead use thumbnail images in sizes listed on https://w.wiki/GHai. (0c640b1)
    📝 Created: src/seeds/plants/hoary-plantain-data.yml

==================================================
✅ Done — 15 items processed
  Plants: Caveman Club Gourd, Dinosaur Gourd, Corsican Gourd, Apple Gourd, Penguin Gourd, # ── DYNAMIC ACCUMULATORS ────────────────────────────────────────, Buckwheat, Phacelia, Chicory, Burdock, Yellow Dock, Broadleaf Plantain, Ribwort Plantain, Sea Plantain, Hoary Plantain

📋 Cursor Agent prompt saved to: /home/dracos/apps/permieportal/review/cursor_agent_prompt.md

==================================================
📋 NEXT STEPS
==================================================
1. Open Cursor in this project
2. Switch to Agent mode (not chat)
3. Paste contents of: review/cursor_agent_prompt.md
4. Let Agent enrich all NEEDS_DATA fields
5. When done, Agent will run ./sync.sh automatically
6. Review at http://localhost:4321/plants and /pests
7. Commit when satisfied:
   git add -A && git commit -m "add 15 new entries"

  📋 38 plants still in queue (queue_plants.txt)

Done — Sat Apr 11 03:00:40 PM UTC 2026

Next step: open Cursor Agent and paste review/cursor_agent_prompt.md

==========================================
PermiePortal Daily Run — Sat Apr 11 03:20:01 PM UTC 2026
==========================================
Plants in queue: 38
Pests in queue:  0
0


📅 Daily batch mode
   Plants: up to 20 from queue_plants.txt
   Pests:  up to 10 from queue_pests.txt

  Plants queued: 20
  Pests queued:  0

==================================================
🌱 Processing 20 plants
==================================================

🌱 Processing plant: Buck Plantain
  🔍 Searching images for: Buck Plantain
    ✅ Found on Wikimedia Commons
    💾 Saved: public/assets/plants/buck_plantain.jpg
    📝 Created: src/seeds/plants/buck-plantain-data.yml

🌱 Processing plant: Water Plantain
  🔍 Searching images for: Water Plantain
    ✅ Found on Wikimedia Commons
    💾 Saved: public/assets/plants/water_plantain.jpg
    📝 Created: src/seeds/plants/water-plantain-data.yml

🌱 Processing plant: Mud Plantain
  🔍 Searching images for: Mud Plantain
    ✅ Found on Wikimedia Commons
    ⚠️  Download failed: HTTP Error 429: Too many requests (f061ab2)
    📝 Created: src/seeds/plants/mud-plantain-data.yml

🌱 Processing plant: Floating Heart
  🔍 Searching images for: Floating Heart
    ✅ Found on Wikimedia Commons
    ⚠️  Download failed: HTTP Error 429: Too many requests (f061ab2)
    📝 Created: src/seeds/plants/floating-heart-data.yml

🌱 Processing plant: Watershield
  🔍 Searching images for: Watershield
    ✅ Found on Wikimedia Commons
    ⚠️  Download failed: HTTP Error 429: Too many requests (f061ab2)
    📝 Created: src/seeds/plants/watershield-data.yml

🌱 Processing plant: Spatterdock
  🔍 Searching images for: Spatterdock
    ✅ Found on Wikimedia Commons
    💾 Saved: public/assets/plants/spatterdock.jpg
    📝 Created: src/seeds/plants/spatterdock-data.yml

🌱 Processing plant: # ── POLLINATOR SUPPORT ──────────────────────────────────────────
  🔍 Searching images for: # ── POLLINATOR SUPPORT ──────────────────────────────────────────
    ✅ Found on Wikimedia Commons
    ⚠️  Download failed: HTTP Error 429: Too many requests (f061ab2)
    📝 Created: src/seeds/plants/pollinator-support-data.yml

🌱 Processing plant: Borage
  🔍 Searching images for: Borage
    ✅ Found on Wikimedia Commons
    ⏭️  Image already exists: borage.jpg
  ⏭️  Skipping Borage — YAML already exists

🌱 Processing plant: Phacelia
  🔍 Searching images for: Phacelia
    ✅ Found on Wikimedia Commons
    ⏭️  Image already exists: phacelia.jpg
  ⏭️  Skipping Phacelia — YAML already exists

🌱 Processing plant: Scorpion Weed
  🔍 Searching images for: Scorpion Weed
    ✅ Found on Wikimedia Commons
    💾 Saved: public/assets/plants/scorpion_weed.jpg
    📝 Created: src/seeds/plants/scorpion-weed-data.yml

🌱 Processing plant: Viper Bugloss
  🔍 Searching images for: Viper Bugloss
    ✅ Found on Wikimedia Commons
    ⚠️  Download failed: HTTP Error 429: Too many requests (f061ab2)
    📝 Created: src/seeds/plants/viper-bugloss-data.yml

🌱 Processing plant: Blue Woodruff
  🔍 Searching images for: Blue Woodruff
    ✅ Found on iNaturalist
    💾 Saved: public/assets/plants/blue_woodruff.jpg
    📝 Created: src/seeds/plants/blue-woodruff-data.yml

🌱 Processing plant: Sweet Cicely
  🔍 Searching images for: Sweet Cicely
    ✅ Found on Wikimedia Commons
    💾 Saved: public/assets/plants/sweet_cicely.jpg
    📝 Created: src/seeds/plants/sweet-cicely-data.yml

🌱 Processing plant: Angelica
  🔍 Searching images for: Angelica
    ✅ Found on Wikimedia Commons
    ⚠️  Download failed: HTTP Error 429: Too many requests - please contact noc@wikimedia.org to discuss a less disruptive approach or instead use thumbnail images in sizes listed on https://w.wiki/GHai. (0c640b1)
    📝 Created: src/seeds/plants/angelica-data.yml

🌱 Processing plant: Lovage
  🔍 Searching images for: Lovage
    ✅ Found on Wikimedia Commons
    ⚠️  Download failed: HTTP Error 429: Too many requests - please contact noc@wikimedia.org to discuss a less disruptive approach or instead use thumbnail images in sizes listed on https://w.wiki/GHai. (0c640b1)
    📝 Created: src/seeds/plants/lovage-data.yml

🌱 Processing plant: Alexanders
  🔍 Searching images for: Alexanders
    ✅ Found on Wikimedia Commons
    ⚠️  Download failed: HTTP Error 429: Too many requests - please contact noc@wikimedia.org to discuss a less disruptive approach or instead use thumbnail images in sizes listed on https://w.wiki/GHai. (0c640b1)
    📝 Created: src/seeds/plants/alexanders-data.yml

🌱 Processing plant: Wild Parsnip
  🔍 Searching images for: Wild Parsnip
    ✅ Found on Wikimedia Commons
    ⚠️  Download failed: HTTP Error 429: Too many requests - please contact noc@wikimedia.org to discuss a less disruptive approach or instead use thumbnail images in sizes listed on https://w.wiki/GHai. (0c640b1)
    📝 Created: src/seeds/plants/wild-parsnip-data.yml

🌱 Processing plant: Wild Carrot
  🔍 Searching images for: Wild Carrot
    ✅ Found on Wikimedia Commons
    ⚠️  Download failed: HTTP Error 429: Too many requests - please contact noc@wikimedia.org to discuss a less disruptive approach or instead use thumbnail images in sizes listed on https://w.wiki/GHai. (0c640b1)
    📝 Created: src/seeds/plants/wild-carrot-data.yml

🌱 Processing plant: Wild Celery
  🔍 Searching images for: Wild Celery
    ✅ Found on Wikimedia Commons
    ⚠️  Download failed: HTTP Error 429: Too many requests - please contact noc@wikimedia.org to discuss a less disruptive approach or instead use thumbnail images in sizes listed on https://w.wiki/GHai. (0c640b1)
    📝 Created: src/seeds/plants/wild-celery-data.yml

🌱 Processing plant: Wild Fennel
  🔍 Searching images for: Wild Fennel
    ✅ Found on Wikimedia Commons
    💾 Saved: public/assets/plants/wild_fennel.jpg
    📝 Created: src/seeds/plants/wild-fennel-data.yml

==================================================
✅ Done — 18 items processed
  Plants: Buck Plantain, Water Plantain, Mud Plantain, Floating Heart, Watershield, Spatterdock, # ── POLLINATOR SUPPORT ──────────────────────────────────────────, Scorpion Weed, Viper Bugloss, Blue Woodruff, Sweet Cicely, Angelica, Lovage, Alexanders, Wild Parsnip, Wild Carrot, Wild Celery, Wild Fennel

📋 Cursor Agent prompt saved to: /home/dracos/apps/permieportal/review/cursor_agent_prompt.md

==================================================
📋 NEXT STEPS
==================================================
1. Open Cursor in this project
2. Switch to Agent mode (not chat)
3. Paste contents of: review/cursor_agent_prompt.md
4. Let Agent enrich all NEEDS_DATA fields
5. When done, Agent will run ./sync.sh automatically
6. Review at http://localhost:4321/plants and /pests
7. Commit when satisfied:
   git add -A && git commit -m "add 18 new entries"

  📋 18 plants still in queue (queue_plants.txt)

Done — Sat Apr 11 03:20:32 PM UTC 2026

Next step: open Cursor Agent and paste review/cursor_agent_prompt.md

==========================================
PermiePortal Daily Run — Sat Apr 11 03:40:01 PM UTC 2026
==========================================
./daily.sh: line 21: [: 0
0: integer expression expected
Plants in queue: 0
0
Pests in queue:  0
0


📅 Daily batch mode
   Plants: up to 20 from queue_plants.txt
   Pests:  up to 10 from queue_pests.txt

  ℹ️  Both queues are empty.
  Add plant names to: /home/dracos/apps/permieportal/queue_plants.txt
  Add pest names to:  /home/dracos/apps/permieportal/queue_pests.txt

Done — Sat Apr 11 03:40:01 PM UTC 2026

Next step: open Cursor Agent and paste review/cursor_agent_prompt.md

==========================================
PermiePortal Daily Run — Sat Apr 11 04:00:01 PM UTC 2026
==========================================
./daily.sh: line 21: [: 0
0: integer expression expected
Plants in queue: 0
0
Pests in queue:  0
0


📅 Daily batch mode
   Plants: up to 20 from queue_plants.txt
   Pests:  up to 10 from queue_pests.txt

  ℹ️  Both queues are empty.
  Add plant names to: /home/dracos/apps/permieportal/queue_plants.txt
  Add pest names to:  /home/dracos/apps/permieportal/queue_pests.txt

Done — Sat Apr 11 04:00:01 PM UTC 2026

Next step: open Cursor Agent and paste review/cursor_agent_prompt.md

==========================================
PermiePortal Daily Run — Sat Apr 11 04:20:01 PM UTC 2026
==========================================
./daily.sh: line 21: [: 0
0: integer expression expected
Plants in queue: 0
0
Pests in queue:  0
0


📅 Daily batch mode
   Plants: up to 20 from queue_plants.txt
   Pests:  up to 10 from queue_pests.txt

  ℹ️  Both queues are empty.
  Add plant names to: /home/dracos/apps/permieportal/queue_plants.txt
  Add pest names to:  /home/dracos/apps/permieportal/queue_pests.txt

Done — Sat Apr 11 04:20:01 PM UTC 2026

Next step: open Cursor Agent and paste review/cursor_agent_prompt.md

==========================================
PermiePortal Daily Run — Sat Apr 11 04:40:01 PM UTC 2026
==========================================
./daily.sh: line 21: [: 0
0: integer expression expected
Plants in queue: 0
0
Pests in queue:  18


📅 Daily batch (20 plants / 10 pests)
  Plants: 0, Pests: 10

==================================================
🐛 10 pests
==================================================

🐛 Root Rot Fungus
  🔍 Root Rot Fungus... ⚠️  no image found
  ⏭️  Skipping Root Rot Fungus — already exists

🐛 Squash Bug
  🔍 Squash Bug... ✅ Wikimedia
    ⏭️  image exists
  ⏭️  Skipping Squash Bug — already exists

🐛 Azalea Caterpillar
  🔍 Azalea Caterpillar... ✅ Wikimedia
    ⏭️  image exists
  ⏭️  Skipping Azalea Caterpillar — already exists

🐛 Bamboo Mite
  🔍 Bamboo Mite... ✅ iNaturalist
    ⏭️  image exists
  ⏭️  Skipping Bamboo Mite — already exists

🐛 Banana Weevil
  🔍 Banana Weevil... ✅ Wikimedia
    ⏭️  image exists
  ⏭️  Skipping Banana Weevil — already exists

🐛 Locust Borer
  🔍 Locust Borer... ✅ Wikimedia
    ⏭️  image exists
  ⏭️  Skipping Locust Borer — already exists

🐛 Locust Leaf Miner
  🔍 Locust Leaf Miner... ✅ iNaturalist
    ⏭️  image exists
  ⏭️  Skipping Locust Leaf Miner — already exists

🐛 Leaf Spot
  🔍 Leaf Spot... ✅ Wikimedia
    ⏭️  image exists
  ⏭️  Skipping Leaf Spot — already exists

🐛 Heart Rot
  🔍 Heart Rot... ✅ Wikimedia
    ⚠️  Download failed: HTTP Error 429: Too many requests - please contact noc@wikimedia.org to discuss a less disruptive approach or instead use thumbnail images in sizes listed on https://w.wiki/GHai. (0c640b1)
  ⏭️  Skipping Heart Rot — already exists

🐛 Cocoa Pod Borer
  🔍 Cocoa Pod Borer... ✅ iNaturalist
    ⏭️  image exists
  ⏭️  Skipping Cocoa Pod Borer — already exists

==================================================
✅ 0 processed
==================================================

📋 0 prompt file(s) in review/
   0 plants + 252 pest fields need enrichment
   Start: review/cursor_enrich_1_of_0.md
   Run one Agent session per file — sequential, not parallel

  📋 8 pests still in queue

Done — Sat Apr 11 04:40:16 PM UTC 2026

Next step: open Cursor Agent and paste review/cursor_agent_prompt.md

==========================================
PermiePortal Daily Run — Sat Apr 11 05:00:01 PM UTC 2026
==========================================
./daily.sh: line 21: [: 0
0: integer expression expected
Plants in queue: 0
0
Pests in queue:  6


📅 Daily batch (20 plants / 10 pests)
  Plants: 0, Pests: 6

==================================================
🐛 6 pests
==================================================

🐛 Colorado Potato Beetle
  🔍 Colorado Potato Beetle... ✅ iNaturalist
    ⏭️  image exists
  ⏭️  Skipping Colorado Potato Beetle — already exists

🐛 Potato Scab
  🔍 Potato Scab... ✅ iNaturalist
    ⏭️  image exists
  ⏭️  Skipping Potato Scab — already exists

🐛 Late Blight
  🔍 Late Blight... ✅ Wikimedia
    ⏭️  image exists
  ⏭️  Skipping Late Blight — already exists

🐛 Rhubarb Curculio
  🔍 Rhubarb Curculio... ✅ iNaturalist
    ⏭️  image exists
  ⏭️  Skipping Rhubarb Curculio — already exists

🐛 Rice Water Weevil
  🔍 Rice Water Weevil... ✅ iNaturalist
    ⏭️  image exists
  ⏭️  Skipping Rice Water Weevil — already exists

🐛 Rice Blast Fungus
  🔍 Rice Blast Fungus... ⚠️  no image found
  ⏭️  Skipping Rice Blast Fungus — already exists

==================================================
✅ 0 processed
==================================================

📋 0 prompt file(s) in review/
   0 plants + 522 pest fields need enrichment
   Start: review/cursor_enrich_1_of_0.md
   Run one Agent session per file — sequential, not parallel


Done — Sat Apr 11 05:00:15 PM UTC 2026

Next step: open Cursor Agent and paste review/cursor_agent_prompt.md

==========================================
PermiePortal Daily Run — Sat Apr 11 05:20:01 PM UTC 2026
==========================================
./daily.sh: line 21: [: 0
0: integer expression expected
Plants in queue: 0
0
Pests in queue:  3


📅 Daily batch (20 plants / 10 pests)
  Plants: 0, Pests: 3

==================================================
🐛 3 pests
==================================================

🐛 Reniform Nematode
  🔍 Reniform Nematode... ✅ Wikimedia
    ⏭️  image exists
    📝 queued

🐛 Sunflower Moth
  🔍 Sunflower Moth... ✅ Wikimedia
    ⏭️  image exists
    📝 queued

🐛 Walnut Husk Fly
  🔍 Walnut Husk Fly... ✅ iNaturalist
    ⏭️  image exists
    📝 queued

  ✅ Appended 3 pest stubs

==================================================
✅ 3 processed
==================================================

📋 0 prompt file(s) in review/
   0 plants + 729 pest fields need enrichment
   Start: review/cursor_enrich_1_of_0.md
   Run one Agent session per file — sequential, not parallel


Done — Sat Apr 11 05:20:05 PM UTC 2026

Next step: open Cursor Agent and paste review/cursor_agent_prompt.md

==========================================
PermiePortal Daily Run — Sat Apr 11 05:40:01 PM UTC 2026
==========================================
./daily.sh: line 21: [: 0
0: integer expression expected
Plants in queue: 0
0
Pests in queue:  0
0


📅 Daily batch (20 plants / 10 pests)

  ℹ️  Queues empty.

📋 0 prompt file(s) in review/
   0 plants + 459 pest fields need enrichment
   Start: review/cursor_enrich_1_of_0.md
   Run one Agent session per file — sequential, not parallel


Done — Sat Apr 11 05:40:01 PM UTC 2026

Next step: open Cursor Agent and paste review/cursor_agent_prompt.md

==========================================
PermiePortal Daily Run — Sat Apr 11 06:00:01 PM UTC 2026
==========================================
./daily.sh: line 21: [: 0
0: integer expression expected
Plants in queue: 0
0
Pests in queue:  0
0


📅 Daily batch (20 plants / 10 pests)

  ℹ️  Queues empty.
  ✅ All seeds fully enriched — no NEEDS_DATA found

Done — Sat Apr 11 06:00:02 PM UTC 2026

Next step: open Cursor Agent and paste review/cursor_agent_prompt.md

==========================================
PermiePortal Daily Run — Sat Apr 11 06:20:01 PM UTC 2026
==========================================
./daily.sh: line 21: [: 0
0: integer expression expected
Plants in queue: 0
0
Pests in queue:  0
0


📅 Daily batch (20 plants / 10 pests)

  ℹ️  Queues empty.
  ✅ All seeds fully enriched — no NEEDS_DATA found

Done — Sat Apr 11 06:20:01 PM UTC 2026

Next step: open Cursor Agent and paste review/cursor_agent_prompt.md

==========================================
PermiePortal Daily Run — Sat Apr 11 06:40:01 PM UTC 2026
==========================================
./daily.sh: line 21: [: 0
0: integer expression expected
Plants in queue: 0
0
Pests in queue:  0
0


📅 Daily batch (20 plants / 10 pests)

  ℹ️  Queues empty.
  ✅ All seeds fully enriched — no NEEDS_DATA found

Done — Sat Apr 11 06:40:01 PM UTC 2026

Next step: open Cursor Agent and paste review/cursor_agent_prompt.md

==========================================
PermiePortal Daily Run — Sat Apr 11 07:00:01 PM UTC 2026
==========================================
./daily.sh: line 21: [: 0
0: integer expression expected
Plants in queue: 0
0
Pests in queue:  0
0


📅 Daily batch (20 plants / 10 pests)

  ℹ️  Queues empty.
  ✅ All seeds fully enriched — no NEEDS_DATA found

Done — Sat Apr 11 07:00:01 PM UTC 2026

Next step: open Cursor Agent and paste review/cursor_agent_prompt.md

==========================================
PermiePortal Daily Run — Sat Apr 11 07:20:01 PM UTC 2026
==========================================
./daily.sh: line 21: [: 0
0: integer expression expected
Plants in queue: 0
0
Pests in queue:  0
0


📅 Daily batch (20 plants / 10 pests)

  ℹ️  Queues empty.
  ✅ All seeds fully enriched — no NEEDS_DATA found

Done — Sat Apr 11 07:20:01 PM UTC 2026

Next step: open Cursor Agent and paste review/cursor_agent_prompt.md

==========================================
PermiePortal Daily Run — Sat Apr 11 07:40:01 PM UTC 2026
==========================================
./daily.sh: line 21: [: 0
0: integer expression expected
Plants in queue: 0
0
Pests in queue:  0
0


📅 Daily batch (20 plants / 10 pests)

  ℹ️  Queues empty.
  ✅ All seeds fully enriched — no NEEDS_DATA found

Done — Sat Apr 11 07:40:01 PM UTC 2026

Next step: open Cursor Agent and paste review/cursor_agent_prompt.md

==========================================
PermiePortal Daily Run — Sat Apr 11 08:00:01 PM UTC 2026
==========================================
./daily.sh: line 21: [: 0
0: integer expression expected
Plants in queue: 0
0
Pests in queue:  0
0


📅 Daily batch (20 plants / 10 pests)

  ℹ️  Queues empty.
  ✅ All seeds fully enriched — no NEEDS_DATA found

Done — Sat Apr 11 08:00:01 PM UTC 2026

Next step: open Cursor Agent and paste review/cursor_agent_prompt.md

==========================================
PermiePortal Daily Run — Sat Apr 11 08:20:01 PM UTC 2026
==========================================
Plants in queue: 208
Pests in queue:  0
0


📅 Daily batch (20 plants / 10 pests)
  ⚠️  Rejected 74 invalid entries from queue_plants.txt:
    ✗ '🌿 Shrubs & Bushes'
    ✗ 'Wolfberry (non-goji variety)'
    ✗ 'Seaberry (different cultivar set)'
    ✗ '🌱 Nitrogen Fixers & Soil Builders'
    ✗ 'False Indigo (Amorpha fruticosa)'
    ✗ 'Sunn Hemp (different strain)'
    ✗ 'Hedysarum (Sainfoin)'
    ✗ 'Bush Clover (Lespedeza)'
    ✗ 'Hairy Vetch (distinct from listed clovers)'
    ✗ 'Red Sandalwood (nitrogen-fixing tree)'
    ... and 64 more
  Plants: 20, Pests: 0

==================================================
🌱 20 plants
==================================================

🌱 Baobab
  🔍 Baobab... ✅ Wikimedia
    💾 baobab.jpg
    📝 baobab-data.yml

🌱 Monkey Puzzle Tree
  🔍 Monkey Puzzle Tree... ✅ Wikimedia
    💾 monkey_puzzle_tree.jpg
    📝 monkey-puzzle-tree-data.yml

🌱 African Locust Bean
  🔍 African Locust Bean... ✅ Wikimedia
    ⚠️  Download failed: HTTP Error 429: Too many requests (f061ab2)
    📝 african-locust-bean-data.yml

🌱 Desert Date
  🔍 Desert Date... ✅ Wikimedia
    ⚠️  Download failed: HTTP Error 429: Too many requests (f061ab2)
    📝 desert-date-data.yml

🌱 Indian Almond
  🔍 Indian Almond... ✅ Wikimedia
    ⚠️  Download failed: HTTP Error 429: Too many requests (f061ab2)
    📝 indian-almond-data.yml

🌱 Candle Nut Tree
  🔍 Candle Nut Tree... ✅ Wikimedia
    💾 candle_nut_tree.jpg
    📝 candle-nut-tree-data.yml

🌱 Kapok Tree
  🔍 Kapok Tree... ✅ Wikimedia
    ⚠️  Download failed: HTTP Error 429: Too many requests (f061ab2)
    📝 kapok-tree-data.yml

🌱 Black Mulga
  🔍 Black Mulga... ⚠️  no image found
    📝 black-mulga-data.yml

🌱 Carob Tree
  🔍 Carob Tree... ✅ Wikimedia
    💾 carob_tree.jpg
    📝 carob-tree-data.yml

🌱 Tamarisk
  🔍 Tamarisk... ✅ Wikimedia
    ⚠️  Download failed: HTTP Error 429: Too many requests (f061ab2)
    📝 tamarisk-data.yml

🌱 Silk Oak
  🔍 Silk Oak... ✅ Wikimedia
    ⚠️  Download failed: HTTP Error 429: Too many requests (f061ab2)
    📝 silk-oak-data.yml

🌱 Yellowhorn Tree
  🔍 Yellowhorn Tree... ⚠️  no image found
    📝 yellowhorn-tree-data.yml

🌱 Desert Ironwood
  🔍 Desert Ironwood... ✅ Wikimedia
    ⚠️  Download failed: HTTP Error 429: Too many requests - please contact noc@wikimedia.org to discuss a less disruptive approach or instead use thumbnail images in sizes listed on https://w.wiki/GHai. (0c640b1)
    📝 desert-ironwood-data.yml

🌱 Chiltepin Pepper Tree
  🔍 Chiltepin Pepper Tree... ⚠️  no image found
    📝 chiltepin-pepper-tree-data.yml

🌱 Mountain Soursop
  🔍 Mountain Soursop... ✅ Wikimedia
    ⚠️  Download failed: HTTP Error 429: Too many requests - please contact noc@wikimedia.org to discuss a less disruptive approach or instead use thumbnail images in sizes listed on https://w.wiki/GHai. (0c640b1)
    📝 mountain-soursop-data.yml

🌱 Illawarra Plum
  🔍 Illawarra Plum... ✅ iNaturalist
    💾 illawarra_plum.jpg
    📝 illawarra-plum-data.yml

🌱 Peanut Butter Fruit Tree
  🔍 Peanut Butter Fruit Tree... ⚠️  no image found
    📝 peanut-butter-fruit-tree-data.yml

🌱 Wild Olive
  🔍 Wild Olive... ✅ Wikimedia
    ⚠️  Download failed: HTTP Error 429: Too many requests - please contact noc@wikimedia.org to discuss a less disruptive approach or instead use thumbnail images in sizes listed on https://w.wiki/GHai. (0c640b1)
    📝 wild-olive-data.yml

🌱 African Breadfruit
  🔍 African Breadfruit... ✅ Wikimedia
    ⚠️  Download failed: HTTP Error 429: Too many requests - please contact noc@wikimedia.org to discuss a less disruptive approach or instead use thumbnail images in sizes listed on https://w.wiki/GHai. (0c640b1)
    📝 african-breadfruit-data.yml

🌱 Ceylon Gooseberry Tree
  🔍 Ceylon Gooseberry Tree... ✅ Wikimedia
    ⚠️  Download failed: HTTP Error 429: Too many requests - please contact noc@wikimedia.org to discuss a less disruptive approach or instead use thumbnail images in sizes listed on https://w.wiki/GHai. (0c640b1)
    📝 ceylon-gooseberry-tree-data.yml

==================================================
✅ 20 processed
==================================================

📋 1 prompt file(s) in review/
   20 plants + 0 pest fields need enrichment
   Start: review/cursor_enrich_1_of_1.md
   Run one Agent session per file — sequential, not parallel

  📋 114 plants still in queue

Done — Sat Apr 11 08:20:37 PM UTC 2026

Next step: open Cursor Agent and paste review/cursor_agent_prompt.md

==========================================
PermiePortal Daily Run — Sat Apr 11 08:40:01 PM UTC 2026
==========================================
Plants in queue: 114
Pests in queue:  0
0


📅 Daily batch (20 plants / 10 pests)
  Plants: 20, Pests: 0

==================================================
🌱 20 plants
==================================================

🌱 Goumi Berry
  🔍 Goumi Berry... ⚠️  no image found
    📝 goumi-berry-data.yml

🌱 Silverberry
  🔍 Silverberry... ✅ Wikimedia
    💾 silverberry.jpg
    📝 silverberry-data.yml

🌱 Buffalo Berry
  🔍 Buffalo Berry... ✅ Wikimedia
    💾 buffalo_berry.jpg
    📝 buffalo-berry-data.yml

🌱 Autumnberry
  🔍 Autumnberry... ✅ Wikimedia
    ⚠️  Download failed: HTTP Error 429: Too many requests (f061ab2)
    📝 autumnberry-data.yml

🌱 Coralberry
  🔍 Coralberry... ✅ Wikimedia
    ⚠️  Download failed: HTTP Error 429: Too many requests (f061ab2)
    📝 coralberry-data.yml

🌱 Snowberry
  🔍 Snowberry... ✅ Wikimedia
    ⚠️  Download failed: HTTP Error 429: Too many requests (f061ab2)
    📝 snowberry-data.yml

🌱 Wax Myrtle
  🔍 Wax Myrtle... ✅ Wikimedia
    💾 wax_myrtle.jpg
    📝 wax-myrtle-data.yml

🌱 Sweet Gale
  🔍 Sweet Gale... ✅ Wikimedia
    💾 sweet_gale.jpg
    📝 sweet-gale-data.yml

🌱 Rock Rose
  🔍 Rock Rose... ✅ Wikimedia
    ⚠️  Download failed: HTTP Error 429: Too many requests (f061ab2)
    📝 rock-rose-data.yml

🌱 Cistus
  🔍 Cistus... ✅ Wikimedia
    ⚠️  Download failed: HTTP Error 429: Too many requests (f061ab2)
    📝 cistus-data.yml

🌱 Desert Hackberry
  🔍 Desert Hackberry... ✅ iNaturalist
    💾 desert_hackberry.jpg
    📝 desert-hackberry-data.yml

🌱 Texas Persimmon
  🔍 Texas Persimmon... ✅ Wikimedia
    💾 texas_persimmon.jpg
    📝 texas-persimmon-data.yml

🌱 Evergreen Huckleberry
  🔍 Evergreen Huckleberry... ✅ Wikimedia
    ⚠️  Download failed: HTTP Error 429: Too many requests - please contact noc@wikimedia.org to discuss a less disruptive approach or instead use thumbnail images in sizes listed on https://w.wiki/GHai. (0c640b1)
    📝 evergreen-huckleberry-data.yml

🌱 Oregon Grape
  🔍 Oregon Grape... ✅ Wikimedia
    ⚠️  Download failed: HTTP Error 429: Too many requests - please contact noc@wikimedia.org to discuss a less disruptive approach or instead use thumbnail images in sizes listed on https://w.wiki/GHai. (0c640b1)
    📝 oregon-grape-data.yml

🌱 Salal
  🔍 Salal... ✅ Wikimedia
    ⚠️  Download failed: HTTP Error 429: Too many requests - please contact noc@wikimedia.org to discuss a less disruptive approach or instead use thumbnail images in sizes listed on https://w.wiki/GHai. (0c640b1)
    📝 salal-data.yml

🌱 Coffee Senna
  🔍 Coffee Senna... ✅ Wikimedia
    ⚠️  Download failed: HTTP Error 429: Too many requests - please contact noc@wikimedia.org to discuss a less disruptive approach or instead use thumbnail images in sizes listed on https://w.wiki/GHai. (0c640b1)
    📝 coffee-senna-data.yml

🌱 Cassia alata
  🔍 Cassia alata... ✅ Wikimedia
    ⚠️  Download failed: HTTP Error 429: Too many requests - please contact noc@wikimedia.org to discuss a less disruptive approach or instead use thumbnail images in sizes listed on https://w.wiki/GHai. (0c640b1)
    📝 cassia-alata-data.yml

🌱 Indigofera tinctoria
  🔍 Indigofera tinctoria... ✅ Wikimedia
    ⚠️  Download failed: HTTP Error 429: Too many requests - please contact noc@wikimedia.org to discuss a less disruptive approach or instead use thumbnail images in sizes listed on https://w.wiki/GHai. (0c640b1)
    📝 indigofera-tinctoria-data.yml

🌱 Illinois Bundleflower
  🔍 Illinois Bundleflower... ✅ Wikimedia
    ⚠️  Download failed: HTTP Error 429: Too many requests - please contact noc@wikimedia.org to discuss a less disruptive approach or instead use thumbnail images in sizes listed on https://w.wiki/GHai. (0c640b1)
    📝 illinois-bundleflower-data.yml

🌱 Prairie Acacia
  🔍 Prairie Acacia... ✅ Wikimedia
    💾 prairie_acacia.jpg
    📝 prairie-acacia-data.yml

==================================================
✅ 20 processed
==================================================

📋 2 prompt file(s) in review/
   40 plants + 0 pest fields need enrichment
   Start: review/cursor_enrich_1_of_2.md
   Run one Agent session per file — sequential, not parallel

  📋 94 plants still in queue

Done — Sat Apr 11 08:40:39 PM UTC 2026

Next step: open Cursor Agent and paste review/cursor_agent_prompt.md

==========================================
PermiePortal Daily Run — Sat Apr 11 09:00:01 PM UTC 2026
==========================================
Plants in queue: 94
Pests in queue:  0
0


📅 Daily batch (20 plants / 10 pests)
  Plants: 20, Pests: 0

==================================================
🌱 20 plants
==================================================

🌱 Tick Trefoil
  🔍 Tick Trefoil... ✅ Wikimedia
    💾 tick_trefoil.jpg
    📝 tick-trefoil-data.yml

🌱 Partridge Acacia
  🔍 Partridge Acacia... ⚠️  no image found
    📝 partridge-acacia-data.yml

🌱 Sesbania grandiflora
  🔍 Sesbania grandiflora... ✅ Wikimedia
    💾 sesbania_grandiflora.jpg
    📝 sesbania-grandiflora-data.yml

🌱 Tephrosia vogelii
  🔍 Tephrosia vogelii... ✅ Wikimedia
    💾 tephrosia_vogelii.jpg
    📝 tephrosia-vogelii-data.yml

🌱 Black Medic
  🔍 Black Medic... ✅ Wikimedia
    💾 black_medic.jpg
    📝 black-medic-data.yml

🌱 Crown Vetch
  🔍 Crown Vetch... ✅ Wikimedia
    ⚠️  Download failed: HTTP Error 429: Too many requests (f061ab2)
    📝 crown-vetch-data.yml

🌱 Yellow Sweet Clover
  🔍 Yellow Sweet Clover... ✅ Wikimedia
    ⚠️  Download failed: HTTP Error 429: Too many requests (f061ab2)
    📝 yellow-sweet-clover-data.yml

🌱 Albizia lebbeck
  🔍 Albizia lebbeck... ✅ Wikimedia
    ⚠️  Download failed: HTTP Error 429: Too many requests (f061ab2)
    📝 albizia-lebbeck-data.yml

🌱 Pigeonwood
  🔍 Pigeonwood... ✅ Wikimedia
    💾 pigeonwood.jpg
    📝 pigeonwood-data.yml

🌱 New Jersey Tea
  🔍 New Jersey Tea... ✅ Wikimedia
    ⚠️  Download failed: HTTP Error 429: Too many requests (f061ab2)
    📝 new-jersey-tea-data.yml

🌱 Bladder Senna
  🔍 Bladder Senna... ✅ Wikimedia
    ⚠️  Download failed: HTTP Error 429: Too many requests (f061ab2)
    📝 bladder-senna-data.yml

🌱 Good King Henry
  🔍 Good King Henry... ✅ Wikimedia
    ⚠️  Download failed: HTTP Error 429: Too many requests (f061ab2)
    📝 good-king-henry-data.yml

🌱 Sea Kale
  🔍 Sea Kale... ✅ Wikimedia
    💾 sea_kale.jpg
    📝 sea-kale-data.yml

🌱 Skirret
  🔍 Skirret... ✅ Wikimedia
    ⚠️  Download failed: HTTP Error 429: Too many requests - please contact noc@wikimedia.org to discuss a less disruptive approach or instead use thumbnail images in sizes listed on https://w.wiki/GHai. (0c640b1)
    📝 skirret-data.yml

🌱 Turkish Rocket
  🔍 Turkish Rocket... ✅ iNaturalist
    💾 turkish_rocket.jpg
    📝 turkish-rocket-data.yml

🌱 Caucasian Spinach
  🔍 Caucasian Spinach... ⚠️  no image found
    📝 caucasian-spinach-data.yml

🌱 Sweet Coltsfoot
  🔍 Sweet Coltsfoot... ✅ Wikimedia
    ⚠️  Download failed: HTTP Error 429: Too many requests - please contact noc@wikimedia.org to discuss a less disruptive approach or instead use thumbnail images in sizes listed on https://w.wiki/GHai. (0c640b1)
    📝 sweet-coltsfoot-data.yml

🌱 Miner's Lettuce
  🔍 Miner's Lettuce... ✅ Wikimedia
    ⚠️  Download failed: HTTP Error 429: Too many requests - please contact noc@wikimedia.org to discuss a less disruptive approach or instead use thumbnail images in sizes listed on https://w.wiki/GHai. (0c640b1)
    📝 miners-lettuce-data.yml

🌱 Claytonea perfoliata
  🔍 Claytonea perfoliata... ⚠️  no image found
    📝 claytonea-perfoliata-data.yml

🌱 Wild Mustard Greens
  🔍 Wild Mustard Greens... ⚠️  no image found
    📝 wild-mustard-greens-data.yml

==================================================
✅ 20 processed
==================================================

📋 2 prompt file(s) in review/
   60 plants + 0 pest fields need enrichment
   Start: review/cursor_enrich_1_of_2.md
   Run one Agent session per file — sequential, not parallel

  📋 74 plants still in queue

Done — Sat Apr 11 09:00:38 PM UTC 2026

Next step: open Cursor Agent and paste review/cursor_agent_prompt.md

==========================================
PermiePortal Daily Run — Sat Apr 11 09:20:01 PM UTC 2026
==========================================
Plants in queue: 74
Pests in queue:  0
0


📅 Daily batch (20 plants / 10 pests)
  Plants: 20, Pests: 0

==================================================
🌱 20 plants
==================================================

🌱 Hop Shoots
  🔍 Hop Shoots... ⚠️  no image found
    📝 hop-shoots-data.yml

🌱 Perennial Leek
  🔍 Perennial Leek... ⚠️  no image found
    📝 perennial-leek-data.yml

🌱 Walking Onion
  🔍 Walking Onion... ✅ Wikimedia
    💾 walking_onion.jpg
    📝 walking-onion-data.yml

🌱 Arrowleaf Balsamroot
  🔍 Arrowleaf Balsamroot... ✅ Wikimedia
    💾 arrowleaf_balsamroot.jpg
    📝 arrowleaf-balsamroot-data.yml

🌱 Prairie Potato
  🔍 Prairie Potato... ⚠️  no image found
    📝 prairie-potato-data.yml

🌱 Yam Daisy
  🔍 Yam Daisy... ✅ iNaturalist
    💾 yam_daisy.jpg
    📝 yam-daisy-data.yml

🌱 Desert Yam
  🔍 Desert Yam... ⚠️  no image found
    📝 desert-yam-data.yml

🌱 Wild Sweet Potato
  🔍 Wild Sweet Potato... ✅ Wikimedia
    💾 wild_sweet_potato.jpg
    📝 wild-sweet-potato-data.yml

🌱 Earth Chestnut
  🔍 Earth Chestnut... ✅ Wikimedia
    💾 earth_chestnut.jpg
    📝 earth-chestnut-data.yml

🌱 Cassabanana root systems
  🔍 Cassabanana root systems... ⚠️  no image found
    📝 cassabanana-root-systems-data.yml

🌱 Sweet Cassava variants
  🔍 Sweet Cassava variants... ⚠️  no image found
    📝 sweet-cassava-variants-data.yml

🌱 Tuberous Nasturtium
  🔍 Tuberous Nasturtium... ✅ Wikimedia
    💾 tuberous_nasturtium.jpg
    📝 tuberous-nasturtium-data.yml

🌱 Boneset
  🔍 Boneset... ✅ Wikimedia
    ⚠️  Download failed: HTTP Error 429: Too many requests (f061ab2)
    📝 boneset-data.yml

🌱 Blue Vervain
  🔍 Blue Vervain... ✅ Wikimedia
    ⚠️  Download failed: HTTP Error 429: Too many requests (f061ab2)
    📝 blue-vervain-data.yml

🌱 Elecampane
  🔍 Elecampane... ✅ Wikimedia
    ⚠️  Download failed: HTTP Error 429: Too many requests (f061ab2)
    📝 elecampane-data.yml

🌱 Horehound
  🔍 Horehound... ✅ Wikimedia
    💾 horehound.jpg
    📝 horehound-data.yml

🌱 Lobelia inflata
  🔍 Lobelia inflata... ✅ Wikimedia
    ⚠️  Download failed: HTTP Error 429: Too many requests (f061ab2)
    📝 lobelia-inflata-data.yml

🌱 Yerba Santa
  🔍 Yerba Santa... ✅ Wikimedia
    ⚠️  Download failed: HTTP Error 429: Too many requests - please contact noc@wikimedia.org to discuss a less disruptive approach or instead use thumbnail images in sizes listed on https://w.wiki/GHai. (0c640b1)
    📝 yerba-santa-data.yml

🌱 Gravel Root
  🔍 Gravel Root... ✅ Wikimedia
    ⚠️  Download failed: HTTP Error 429: Too many requests - please contact noc@wikimedia.org to discuss a less disruptive approach or instead use thumbnail images in sizes listed on https://w.wiki/GHai. (0c640b1)
    📝 gravel-root-data.yml

🌱 Betony
  🔍 Betony... ✅ Wikimedia
    ⚠️  Download failed: HTTP Error 429: Too many requests - please contact noc@wikimedia.org to discuss a less disruptive approach or instead use thumbnail images in sizes listed on https://w.wiki/GHai. (0c640b1)
    📝 betony-data.yml

==================================================
✅ 20 processed
==================================================

📋 3 prompt file(s) in review/
   80 plants + 0 pest fields need enrichment
   Start: review/cursor_enrich_1_of_3.md
   Run one Agent session per file — sequential, not parallel

  📋 54 plants still in queue

Done — Sat Apr 11 09:20:41 PM UTC 2026

Next step: open Cursor Agent and paste review/cursor_agent_prompt.md

==========================================
PermiePortal Daily Run — Sat Apr 11 09:40:01 PM UTC 2026
==========================================
Plants in queue: 54
Pests in queue:  0
0


📅 Daily batch (20 plants / 10 pests)
  Plants: 20, Pests: 0

==================================================
🌱 20 plants
==================================================

🌱 Agrimony
  🔍 Agrimony... ✅ Wikimedia
    💾 agrimony.jpg
    📝 agrimony-data.yml

🌱 Sweet Woodruff
  🔍 Sweet Woodruff... ✅ Wikimedia
    💾 sweet_woodruff.jpg
    📝 sweet-woodruff-data.yml

🌱 Meadowsweet
  🔍 Meadowsweet... ✅ Wikimedia
    ⚠️  Download failed: HTTP Error 429: Too many requests (f061ab2)
    📝 meadowsweet-data.yml

🌱 Tansy
  🔍 Tansy... ✅ Wikimedia
    ⚠️  Download failed: HTTP Error 429: Too many requests (f061ab2)
    📝 tansy-data.yml

🌱 Costmary
  🔍 Costmary... ✅ Wikimedia
    ⚠️  Download failed: HTTP Error 429: Too many requests (f061ab2)
    📝 costmary-data.yml

🌱 Hyssop officinalis
  🔍 Hyssop officinalis... ✅ Wikimedia
    💾 hyssop_officinalis.jpg
    📝 hyssop-officinalis-data.yml

🌱 Blanket Flower
  🔍 Blanket Flower... ✅ Wikimedia
    ⚠️  Download failed: HTTP Error 429: Too many requests (f061ab2)
    📝 blanket-flower-data.yml

🌱 Coreopsis
  🔍 Coreopsis... ✅ Wikimedia
    ⚠️  Download failed: HTTP Error 429: Too many requests (f061ab2)
    📝 coreopsis-data.yml

🌱 Gaura
  🔍 Gaura... ✅ Wikimedia
    ⚠️  Download failed: HTTP Error 429: Too many requests (f061ab2)
    📝 gaura-data.yml

🌱 Verbena bonariensis
  🔍 Verbena bonariensis... ✅ Wikimedia
    💾 verbena_bonariensis.jpg
    📝 verbena-bonariensis-data.yml

🌱 California Poppy
  🔍 California Poppy... ✅ Wikimedia
    ⚠️  Download failed: HTTP Error 429: Too many requests - please contact noc@wikimedia.org to discuss a less disruptive approach or instead use thumbnail images in sizes listed on https://w.wiki/GHai. (0c640b1)
    📝 california-poppy-data.yml

🌱 Black-eyed Susan
  🔍 Black-eyed Susan... ✅ Wikimedia
    ⚠️  Download failed: HTTP Error 429: Too many requests - please contact noc@wikimedia.org to discuss a less disruptive approach or instead use thumbnail images in sizes listed on https://w.wiki/GHai. (0c640b1)
    📝 black-eyed-susan-data.yml

🌱 Sunrose
  🔍 Sunrose... ✅ Wikimedia
    ⚠️  Download failed: HTTP Error 429: Too many requests - please contact noc@wikimedia.org to discuss a less disruptive approach or instead use thumbnail images in sizes listed on https://w.wiki/GHai. (0c640b1)
    📝 sunrose-data.yml

🌱 Globe Thistle
  🔍 Globe Thistle... ✅ Wikimedia
    ⚠️  Download failed: HTTP Error 429: Too many requests - please contact noc@wikimedia.org to discuss a less disruptive approach or instead use thumbnail images in sizes listed on https://w.wiki/GHai. (0c640b1)
    📝 globe-thistle-data.yml

🌱 Milk Vetch
  🔍 Milk Vetch... ✅ Wikimedia
    ⚠️  Download failed: HTTP Error 429: Too many requests - please contact noc@wikimedia.org to discuss a less disruptive approach or instead use thumbnail images in sizes listed on https://w.wiki/GHai. (0c640b1)
    📝 milk-vetch-data.yml

🌱 Tickseed Sunflower
  🔍 Tickseed Sunflower... ✅ Wikimedia
    ⚠️  Download failed: HTTP Error 429: Too many requests - please contact noc@wikimedia.org to discuss a less disruptive approach or instead use thumbnail images in sizes listed on https://w.wiki/GHai. (0c640b1)
    📝 tickseed-sunflower-data.yml

🌱 Blue Flax
  🔍 Blue Flax... ✅ Wikimedia
    ⚠️  Download failed: HTTP Error 429: Too many requests - please contact noc@wikimedia.org to discuss a less disruptive approach or instead use thumbnail images in sizes listed on https://w.wiki/GHai. (0c640b1)
    📝 blue-flax-data.yml

🌱 Fireweed
  🔍 Fireweed... ✅ Wikimedia
    ⚠️  Download failed: HTTP Error 429: Too many requests - please contact noc@wikimedia.org to discuss a less disruptive approach or instead use thumbnail images in sizes listed on https://w.wiki/GHai. (0c640b1)
    📝 fireweed-data.yml

🌱 Sweet Alyssum
  🔍 Sweet Alyssum... ✅ Wikimedia
    ⚠️  Download failed: HTTP Error 429: Too many requests - please contact noc@wikimedia.org to discuss a less disruptive approach or instead use thumbnail images in sizes listed on https://w.wiki/GHai. (0c640b1)
    📝 sweet-alyssum-data.yml

🌱 Frogfruit
  🔍 Frogfruit... ✅ Wikimedia
    ⚠️  Download failed: HTTP Error 429: Too many requests - please contact noc@wikimedia.org to discuss a less disruptive approach or instead use thumbnail images in sizes listed on https://w.wiki/GHai. (0c640b1)
    📝 frogfruit-data.yml

==================================================
✅ 20 processed
==================================================

📋 4 prompt file(s) in review/
   100 plants + 0 pest fields need enrichment
   Start: review/cursor_enrich_1_of_4.md
   Run one Agent session per file — sequential, not parallel

  📋 34 plants still in queue

Done — Sat Apr 11 09:40:30 PM UTC 2026

Next step: open Cursor Agent and paste review/cursor_agent_prompt.md

==========================================
PermiePortal Daily Run — Sat Apr 11 10:00:01 PM UTC 2026
==========================================
Plants in queue: 34
Pests in queue:  0
0


📅 Daily batch (20 plants / 10 pests)
  Plants: 20, Pests: 0

==================================================
🌱 20 plants
==================================================

🌱 Creeping Raspberry
  🔍 Creeping Raspberry... ✅ iNaturalist
    💾 creeping_raspberry.jpg
    📝 creeping-raspberry-data.yml

🌱 Beach Strawberry
  🔍 Beach Strawberry... ✅ Wikimedia
    💾 beach_strawberry.jpg
    📝 beach-strawberry-data.yml

🌱 Green and Gold
  🔍 Green and Gold... ✅ Wikimedia
    💾 green_and_gold.jpg
    📝 green-and-gold-data.yml

🌱 Partridgeberry
  🔍 Partridgeberry... ✅ Wikimedia
    ⚠️  Download failed: HTTP Error 429: Too many requests (f061ab2)
    📝 partridgeberry-data.yml

🌱 Kinnikinnick
  🔍 Kinnikinnick... ✅ Wikimedia
    ⚠️  Download failed: HTTP Error 429: Too many requests (f061ab2)
    📝 kinnikinnick-data.yml

🌱 Mazus
  🔍 Mazus... ✅ Wikimedia
    ⚠️  Download failed: HTTP Error 429: Too many requests (f061ab2)
    📝 mazus-data.yml

🌱 Blue Star Creeper
  🔍 Blue Star Creeper... ✅ Wikimedia
    💾 blue_star_creeper.jpg
    📝 blue-star-creeper-data.yml

🌱 Corsican Stonecrop
  🔍 Corsican Stonecrop... ✅ Wikimedia
    ⚠️  Download failed: HTTP Error 429: Too many requests (f061ab2)
    📝 corsican-stonecrop-data.yml

🌱 Carpet Bugle
  🔍 Carpet Bugle... ✅ Wikimedia
    ⚠️  Download failed: HTTP Error 429: Too many requests (f061ab2)
    📝 carpet-bugle-data.yml

🌱 Creeping Phlox
  🔍 Creeping Phlox... ✅ Wikimedia
    ⚠️  Download failed: HTTP Error 429: Too many requests (f061ab2)
    📝 creeping-phlox-data.yml

🌱 Bearberry
  🔍 Bearberry... ✅ Wikimedia
    💾 bearberry.jpg
    📝 bearberry-data.yml

🌱 Twinflower
  🔍 Twinflower... ✅ Wikimedia
    ⚠️  Download failed: HTTP Error 429: Too many requests - please contact noc@wikimedia.org to discuss a less disruptive approach or instead use thumbnail images in sizes listed on https://w.wiki/GHai. (0c640b1)
    📝 twinflower-data.yml

🌱 Arrow Arum
  🔍 Arrow Arum... ✅ Wikimedia
    ⚠️  Download failed: HTTP Error 429: Too many requests - please contact noc@wikimedia.org to discuss a less disruptive approach or instead use thumbnail images in sizes listed on https://w.wiki/GHai. (0c640b1)
    📝 arrow-arum-data.yml

🌱 Marsh Marigold
  🔍 Marsh Marigold... ✅ Wikimedia
    ⚠️  Download failed: HTTP Error 429: Too many requests - please contact noc@wikimedia.org to discuss a less disruptive approach or instead use thumbnail images in sizes listed on https://w.wiki/GHai. (0c640b1)
    📝 marsh-marigold-data.yml

🌱 Sweet Flag
  🔍 Sweet Flag... ✅ Wikimedia
    ⚠️  Download failed: HTTP Error 429: Too many requests - please contact noc@wikimedia.org to discuss a less disruptive approach or instead use thumbnail images in sizes listed on https://w.wiki/GHai. (0c640b1)
    📝 sweet-flag-data.yml

🌱 Bog Bean
  🔍 Bog Bean... ✅ Wikimedia
    ⚠️  Download failed: HTTP Error 429: Too many requests - please contact noc@wikimedia.org to discuss a less disruptive approach or instead use thumbnail images in sizes listed on https://w.wiki/GHai. (0c640b1)
    📝 bog-bean-data.yml

🌱 Marsh Hibiscus
  🔍 Marsh Hibiscus... ✅ Wikimedia
    ⚠️  Download failed: HTTP Error 429: Too many requests - please contact noc@wikimedia.org to discuss a less disruptive approach or instead use thumbnail images in sizes listed on https://w.wiki/GHai. (0c640b1)
    📝 marsh-hibiscus-data.yml

🌱 Swamp Milkweed
  🔍 Swamp Milkweed... ✅ Wikimedia
    ⚠️  Download failed: HTTP Error 429: Too many requests - please contact noc@wikimedia.org to discuss a less disruptive approach or instead use thumbnail images in sizes listed on https://w.wiki/GHai. (0c640b1)
    📝 swamp-milkweed-data.yml

🌱 Blue Pickerelweed
  🔍 Blue Pickerelweed... ✅ Wikimedia
    ⚠️  Download failed: HTTP Error 429: Too many requests - please contact noc@wikimedia.org to discuss a less disruptive approach or instead use thumbnail images in sizes listed on https://w.wiki/GHai. (0c640b1)
    📝 blue-pickerelweed-data.yml

🌱 Marsh Pennywort
  🔍 Marsh Pennywort... ✅ Wikimedia
    💾 marsh_pennywort.jpg
    📝 marsh-pennywort-data.yml

==================================================
✅ 20 processed
==================================================

📋 4 prompt file(s) in review/
   120 plants + 0 pest fields need enrichment
   Start: review/cursor_enrich_1_of_4.md
   Run one Agent session per file — sequential, not parallel

  📋 14 plants still in queue

Done — Sat Apr 11 10:00:32 PM UTC 2026

Next step: open Cursor Agent and paste review/cursor_agent_prompt.md

==========================================
PermiePortal Daily Run — Sat Apr 11 10:20:01 PM UTC 2026
==========================================
Plants in queue: 14
Pests in queue:  0
0


📅 Daily batch (20 plants / 10 pests)
  Plants: 14, Pests: 0

==================================================
🌱 14 plants
==================================================

🌱 Saltbush
  🔍 Saltbush... ✅ Wikimedia
    💾 saltbush.jpg
    📝 saltbush-data.yml

🌱 Desert Marigold
  🔍 Desert Marigold... ✅ iNaturalist
    💾 desert_marigold.jpg
    📝 desert-marigold-data.yml

🌱 Chiltepin Pepper
  🔍 Chiltepin Pepper... ✅ Wikimedia
    💾 chiltepin_pepper.jpg
    📝 chiltepin-pepper-data.yml

🌱 Jojoba
  🔍 Jojoba... ✅ Wikimedia
    💾 jojoba.jpg
    📝 jojoba-data.yml

🌱 Guayule
  🔍 Guayule... ✅ Wikimedia
    ⚠️  Download failed: HTTP Error 429: Too many requests (f061ab2)
    📝 guayule-data.yml

🌱 Palo Verde
  🔍 Palo Verde... ✅ Wikimedia
    ⚠️  Download failed: HTTP Error 429: Too many requests (f061ab2)
    📝 palo-verde-data.yml

🌱 Desert Willow
  🔍 Desert Willow... ✅ Wikimedia
    ⚠️  Download failed: HTTP Error 429: Too many requests (f061ab2)
    📝 desert-willow-data.yml

🌱 Sand Cherry
  🔍 Sand Cherry... ✅ Wikimedia
    💾 sand_cherry.jpg
    📝 sand-cherry-data.yml

🌱 Coastal Rosemary
  🔍 Coastal Rosemary... ✅ Wikimedia
    💾 coastal_rosemary.jpg
    📝 coastal-rosemary-data.yml

🌱 Saltgrass
  🔍 Saltgrass... ✅ Wikimedia
    ⚠️  Download failed: HTTP Error 429: Too many requests (f061ab2)
    📝 saltgrass-data.yml

🌱 Mangrove Bean
  🔍 Mangrove Bean... ✅ Wikimedia
    ⚠️  Download failed: HTTP Error 429: Too many requests (f061ab2)
    📝 mangrove-bean-data.yml

🌱 Nipa Palm
  🔍 Nipa Palm... ✅ Wikimedia
    💾 nipa_palm.jpg
    📝 nipa-palm-data.yml

🌱 Screw Pine
  🔍 Screw Pine... ✅ Wikimedia
    ⚠️  Download failed: HTTP Error 429: Too many requests - please contact noc@wikimedia.org to discuss a less disruptive approach or instead use thumbnail images in sizes listed on https://w.wiki/GHai. (0c640b1)
    📝 screw-pine-data.yml

🌱 Pandanus
  🔍 Pandanus... ✅ Wikimedia
    ⚠️  Download failed: HTTP Error 429: Too many requests - please contact noc@wikimedia.org to discuss a less disruptive approach or instead use thumbnail images in sizes listed on https://w.wiki/GHai. (0c640b1)
    📝 pandanus-data.yml

==================================================
✅ 14 processed
==================================================

📋 5 prompt file(s) in review/
   134 plants + 0 pest fields need enrichment
   Start: review/cursor_enrich_1_of_5.md
   Run one Agent session per file — sequential, not parallel


Done — Sat Apr 11 10:20:36 PM UTC 2026

Next step: open Cursor Agent and paste review/cursor_agent_prompt.md

==========================================
PermiePortal Daily Run — Sat Apr 11 10:40:01 PM UTC 2026
==========================================
./daily.sh: line 21: [: 0
0: integer expression expected
Plants in queue: 0
0
Pests in queue:  0
0


📅 Daily batch (20 plants / 10 pests)

  ℹ️  Queues empty.

📋 5 prompt file(s) in review/
   134 plants + 0 pest fields need enrichment
   Start: review/cursor_enrich_1_of_5.md
   Run one Agent session per file — sequential, not parallel


Done — Sat Apr 11 10:40:01 PM UTC 2026

Next step: open Cursor Agent and paste review/cursor_agent_prompt.md

==========================================
PermiePortal Daily Run — Sat Apr 11 11:00:01 PM UTC 2026
==========================================
./daily.sh: line 21: [: 0
0: integer expression expected
Plants in queue: 0
0
Pests in queue:  0
0


📅 Daily batch (20 plants / 10 pests)

  ℹ️  Queues empty.

📋 5 prompt file(s) in review/
   134 plants + 0 pest fields need enrichment
   Start: review/cursor_enrich_1_of_5.md
   Run one Agent session per file — sequential, not parallel


Done — Sat Apr 11 11:00:01 PM UTC 2026

Next step: open Cursor Agent and paste review/cursor_agent_prompt.md

==========================================
PermiePortal Daily Run — Sat Apr 11 11:20:01 PM UTC 2026
==========================================
./daily.sh: line 21: [: 0
0: integer expression expected
Plants in queue: 0
0
Pests in queue:  0
0


📅 Daily batch (20 plants / 10 pests)

  ℹ️  Queues empty.

📋 5 prompt file(s) in review/
   134 plants + 0 pest fields need enrichment
   Start: review/cursor_enrich_1_of_5.md
   Run one Agent session per file — sequential, not parallel


Done — Sat Apr 11 11:20:04 PM UTC 2026

Next step: open Cursor Agent and paste review/cursor_agent_prompt.md

==========================================
PermiePortal Daily Run — Sat Apr 11 11:40:01 PM UTC 2026
==========================================
./daily.sh: line 21: [: 0
0: integer expression expected
Plants in queue: 0
0
Pests in queue:  0
0


📅 Daily batch (20 plants / 10 pests)

  ℹ️  Queues empty.

📋 5 prompt file(s) in review/
   134 plants + 0 pest fields need enrichment
   Start: review/cursor_enrich_1_of_5.md
   Run one Agent session per file — sequential, not parallel


Done — Sat Apr 11 11:40:01 PM UTC 2026

Next step: open Cursor Agent and paste review/cursor_agent_prompt.md

==========================================
PermiePortal Daily Run — Sun Apr 12 12:00:01 AM UTC 2026
==========================================
./daily.sh: line 21: [: 0
0: integer expression expected
Plants in queue: 0
0
Pests in queue:  0
0


📅 Daily batch (20 plants / 10 pests)

  ℹ️  Queues empty.
  ✅ All seeds fully enriched — no NEEDS_DATA found

Done — Sun Apr 12 12:00:01 AM UTC 2026

Next step: open Cursor Agent and paste review/cursor_agent_prompt.md

==========================================
PermiePortal Daily Run — Sun Apr 12 12:20:01 AM UTC 2026
==========================================
./daily.sh: line 21: [: 0
0: integer expression expected
Plants in queue: 0
0
Pests in queue:  0
0


📅 Daily batch (20 plants / 10 pests)

  ℹ️  Queues empty.
  ✅ All seeds fully enriched — no NEEDS_DATA found

Done — Sun Apr 12 12:20:01 AM UTC 2026

Next step: open Cursor Agent and paste review/cursor_agent_prompt.md

==========================================
PermiePortal Daily Run — Sun Apr 12 12:40:01 AM UTC 2026
==========================================
./daily.sh: line 21: [: 0
0: integer expression expected
Plants in queue: 0
0
Pests in queue:  0
0


📅 Daily batch (20 plants / 10 pests)

  ℹ️  Queues empty.
  ✅ All seeds fully enriched — no NEEDS_DATA found

Done — Sun Apr 12 12:40:01 AM UTC 2026

Next step: open Cursor Agent and paste review/cursor_agent_prompt.md

==========================================
PermiePortal Daily Run — Sun Apr 12 01:00:02 AM UTC 2026
==========================================
./daily.sh: line 21: [: 0
0: integer expression expected
Plants in queue: 0
0
Pests in queue:  0
0


📅 Daily batch (20 plants / 10 pests)

  ℹ️  Queues empty.
  ✅ All seeds fully enriched — no NEEDS_DATA found

Done — Sun Apr 12 01:00:02 AM UTC 2026

Next step: open Cursor Agent and paste review/cursor_agent_prompt.md

==========================================
PermiePortal Daily Run — Sun Apr 12 01:20:01 AM UTC 2026
==========================================
./daily.sh: line 21: [: 0
0: integer expression expected
Plants in queue: 0
0
Pests in queue:  0
0


📅 Daily batch (20 plants / 10 pests)

  ℹ️  Queues empty.
  ✅ All seeds fully enriched — no NEEDS_DATA found

Done — Sun Apr 12 01:20:01 AM UTC 2026

Next step: open Cursor Agent and paste review/cursor_agent_prompt.md

==========================================
PermiePortal Daily Run — Sun Apr 12 01:40:01 AM UTC 2026
==========================================
./daily.sh: line 21: [: 0
0: integer expression expected
Plants in queue: 0
0
Pests in queue:  0
0


📅 Daily batch (20 plants / 10 pests)

  ℹ️  Queues empty.
  ✅ All seeds fully enriched — no NEEDS_DATA found

Done — Sun Apr 12 01:40:01 AM UTC 2026

Next step: open Cursor Agent and paste review/cursor_agent_prompt.md

==========================================
PermiePortal Daily Run — Sun Apr 12 02:00:01 AM UTC 2026
==========================================
./daily.sh: line 21: [: 0
0: integer expression expected
Plants in queue: 0
0
Pests in queue:  0
0


📅 Daily batch (20 plants / 10 pests)

  ℹ️  Queues empty.
  ✅ All seeds fully enriched — no NEEDS_DATA found

Done — Sun Apr 12 02:00:01 AM UTC 2026

Next step: open Cursor Agent and paste review/cursor_agent_prompt.md

==========================================
PermiePortal Daily Run — Sun Apr 12 02:20:01 AM UTC 2026
==========================================
./daily.sh: line 21: [: 0
0: integer expression expected
Plants in queue: 0
0
Pests in queue:  0
0


📅 Daily batch (20 plants / 10 pests)

  ℹ️  Queues empty.
  ✅ All seeds fully enriched — no NEEDS_DATA found

Done — Sun Apr 12 02:20:01 AM UTC 2026

Next step: open Cursor Agent and paste review/cursor_agent_prompt.md

==========================================
PermiePortal Daily Run — Sun Apr 12 02:40:01 AM UTC 2026
==========================================
./daily.sh: line 21: [: 0
0: integer expression expected
Plants in queue: 0
0
Pests in queue:  0
0


📅 Daily batch (20 plants / 10 pests)

  ℹ️  Queues empty.
  ✅ All seeds fully enriched — no NEEDS_DATA found

Done — Sun Apr 12 02:40:01 AM UTC 2026

Next step: open Cursor Agent and paste review/cursor_agent_prompt.md

==========================================
PermiePortal Daily Run — Sun Apr 12 03:00:01 AM UTC 2026
==========================================
./daily.sh: line 21: [: 0
0: integer expression expected
Plants in queue: 0
0
Pests in queue:  0
0


📅 Daily batch (20 plants / 10 pests)

  ℹ️  Queues empty.
  ✅ All seeds fully enriched — no NEEDS_DATA found

Done — Sun Apr 12 03:00:01 AM UTC 2026

Next step: open Cursor Agent and paste review/cursor_agent_prompt.md

==========================================
PermiePortal Daily Run — Sun Apr 12 03:20:01 AM UTC 2026
==========================================
./daily.sh: line 21: [: 0
0: integer expression expected
Plants in queue: 0
0
Pests in queue:  0
0


📅 Daily batch (20 plants / 10 pests)

  ℹ️  Queues empty.
  ✅ All seeds fully enriched — no NEEDS_DATA found

Done — Sun Apr 12 03:20:01 AM UTC 2026

Next step: open Cursor Agent and paste review/cursor_agent_prompt.md

==========================================
PermiePortal Daily Run — Sun Apr 12 03:40:01 AM UTC 2026
==========================================
./daily.sh: line 21: [: 0
0: integer expression expected
Plants in queue: 0
0
Pests in queue:  0
0


📅 Daily batch (20 plants / 10 pests)

  ℹ️  Queues empty.
  ✅ All seeds fully enriched — no NEEDS_DATA found

Done — Sun Apr 12 03:40:01 AM UTC 2026

Next step: open Cursor Agent and paste review/cursor_agent_prompt.md

==========================================
PermiePortal Daily Run — Sun Apr 12 04:00:01 AM UTC 2026
==========================================
./daily.sh: line 21: [: 0
0: integer expression expected
Plants in queue: 0
0
Pests in queue:  0
0


📅 Daily batch (20 plants / 10 pests)

  ℹ️  Queues empty.
  ✅ All seeds fully enriched — no NEEDS_DATA found

Done — Sun Apr 12 04:00:02 AM UTC 2026

Next step: open Cursor Agent and paste review/cursor_agent_prompt.md

==========================================
PermiePortal Daily Run — Sun Apr 12 04:20:01 AM UTC 2026
==========================================
./daily.sh: line 21: [: 0
0: integer expression expected
Plants in queue: 0
0
Pests in queue:  0
0


📅 Daily batch (20 plants / 10 pests)

  ℹ️  Queues empty.
  ✅ All seeds fully enriched — no NEEDS_DATA found

Done — Sun Apr 12 04:20:01 AM UTC 2026

Next step: open Cursor Agent and paste review/cursor_agent_prompt.md

==========================================
PermiePortal Daily Run — Sun Apr 12 04:40:01 AM UTC 2026
==========================================
./daily.sh: line 21: [: 0
0: integer expression expected
Plants in queue: 0
0
Pests in queue:  0
0


📅 Daily batch (20 plants / 10 pests)

  ℹ️  Queues empty.
  ✅ All seeds fully enriched — no NEEDS_DATA found

Done — Sun Apr 12 04:40:01 AM UTC 2026

Next step: open Cursor Agent and paste review/cursor_agent_prompt.md

==========================================
PermiePortal Daily Run — Sun Apr 12 05:00:01 AM UTC 2026
==========================================
./daily.sh: line 21: [: 0
0: integer expression expected
Plants in queue: 0
0
Pests in queue:  0
0


📅 Daily batch (20 plants / 10 pests)

  ℹ️  Queues empty.
  ✅ All seeds fully enriched — no NEEDS_DATA found

Done — Sun Apr 12 05:00:01 AM UTC 2026

Next step: open Cursor Agent and paste review/cursor_agent_prompt.md

==========================================
PermiePortal Daily Run — Sun Apr 12 05:20:01 AM UTC 2026
==========================================
./daily.sh: line 21: [: 0
0: integer expression expected
Plants in queue: 0
0
Pests in queue:  0
0


📅 Daily batch (20 plants / 10 pests)

  ℹ️  Queues empty.
  ✅ All seeds fully enriched — no NEEDS_DATA found

Done — Sun Apr 12 05:20:01 AM UTC 2026

Next step: open Cursor Agent and paste review/cursor_agent_prompt.md

==========================================
PermiePortal Daily Run — Sun Apr 12 05:40:01 AM UTC 2026
==========================================
./daily.sh: line 21: [: 0
0: integer expression expected
Plants in queue: 0
0
Pests in queue:  0
0


📅 Daily batch (20 plants / 10 pests)

  ℹ️  Queues empty.
  ✅ All seeds fully enriched — no NEEDS_DATA found

Done — Sun Apr 12 05:40:01 AM UTC 2026

Next step: open Cursor Agent and paste review/cursor_agent_prompt.md

==========================================
PermiePortal Daily Run — Sun Apr 12 06:00:01 AM UTC 2026
==========================================
./daily.sh: line 21: [: 0
0: integer expression expected
Plants in queue: 0
0
Pests in queue:  0
0


📅 Daily batch (20 plants / 10 pests)

  ℹ️  Queues empty.
  ✅ All seeds fully enriched — no NEEDS_DATA found

Done — Sun Apr 12 06:00:01 AM UTC 2026

Next step: open Cursor Agent and paste review/cursor_agent_prompt.md

==========================================
PermiePortal Daily Run — Sun Apr 12 06:20:01 AM UTC 2026
==========================================
./daily.sh: line 21: [: 0
0: integer expression expected
Plants in queue: 0
0
Pests in queue:  0
0


📅 Daily batch (20 plants / 10 pests)

  ℹ️  Queues empty.
  ✅ All seeds fully enriched — no NEEDS_DATA found

Done — Sun Apr 12 06:20:01 AM UTC 2026

Next step: open Cursor Agent and paste review/cursor_agent_prompt.md

==========================================
PermiePortal Daily Run — Sun Apr 12 06:40:01 AM UTC 2026
==========================================
./daily.sh: line 21: [: 0
0: integer expression expected
Plants in queue: 0
0
Pests in queue:  0
0


📅 Daily batch (20 plants / 10 pests)

  ℹ️  Queues empty.
  ✅ All seeds fully enriched — no NEEDS_DATA found

Done — Sun Apr 12 06:40:01 AM UTC 2026

Next step: open Cursor Agent and paste review/cursor_agent_prompt.md

==========================================
PermiePortal Daily Run — Sun Apr 12 07:00:01 AM UTC 2026
==========================================
./daily.sh: line 21: [: 0
0: integer expression expected
Plants in queue: 0
0
Pests in queue:  0
0


📅 Daily batch (20 plants / 10 pests)

  ℹ️  Queues empty.
  ✅ All seeds fully enriched — no NEEDS_DATA found

Done — Sun Apr 12 07:00:01 AM UTC 2026

Next step: open Cursor Agent and paste review/cursor_agent_prompt.md

==========================================
PermiePortal Daily Run — Sun Apr 12 07:20:01 AM UTC 2026
==========================================
./daily.sh: line 21: [: 0
0: integer expression expected
Plants in queue: 0
0
Pests in queue:  0
0


📅 Daily batch (20 plants / 10 pests)

  ℹ️  Queues empty.
  ✅ All seeds fully enriched — no NEEDS_DATA found

Done — Sun Apr 12 07:20:01 AM UTC 2026

Next step: open Cursor Agent and paste review/cursor_agent_prompt.md

==========================================
PermiePortal Daily Run — Sun Apr 12 07:40:01 AM UTC 2026
==========================================
./daily.sh: line 21: [: 0
0: integer expression expected
Plants in queue: 0
0
Pests in queue:  0
0


📅 Daily batch (20 plants / 10 pests)

  ℹ️  Queues empty.
  ✅ All seeds fully enriched — no NEEDS_DATA found

Done — Sun Apr 12 07:40:01 AM UTC 2026

Next step: open Cursor Agent and paste review/cursor_agent_prompt.md

==========================================
PermiePortal Daily Run — Sun Apr 12 08:00:01 AM UTC 2026
==========================================
./daily.sh: line 21: [: 0
0: integer expression expected
Plants in queue: 0
0
Pests in queue:  0
0


📅 Daily batch (20 plants / 10 pests)

  ℹ️  Queues empty.
  ✅ All seeds fully enriched — no NEEDS_DATA found

Done — Sun Apr 12 08:00:01 AM UTC 2026

Next step: open Cursor Agent and paste review/cursor_agent_prompt.md

==========================================
PermiePortal Daily Run — Sun Apr 12 08:20:01 AM UTC 2026
==========================================
./daily.sh: line 21: [: 0
0: integer expression expected
Plants in queue: 0
0
Pests in queue:  0
0


📅 Daily batch (20 plants / 10 pests)

  ℹ️  Queues empty.
  ✅ All seeds fully enriched — no NEEDS_DATA found

Done — Sun Apr 12 08:20:01 AM UTC 2026

Next step: open Cursor Agent and paste review/cursor_agent_prompt.md

==========================================
PermiePortal Daily Run — Sun Apr 12 08:40:01 AM UTC 2026
==========================================
./daily.sh: line 21: [: 0
0: integer expression expected
Plants in queue: 0
0
Pests in queue:  0
0


📅 Daily batch (20 plants / 10 pests)

  ℹ️  Queues empty.
  ✅ All seeds fully enriched — no NEEDS_DATA found

Done — Sun Apr 12 08:40:01 AM UTC 2026

Next step: open Cursor Agent and paste review/cursor_agent_prompt.md

==========================================
PermiePortal Daily Run — Sun Apr 12 09:00:01 AM UTC 2026
==========================================
./daily.sh: line 21: [: 0
0: integer expression expected
Plants in queue: 0
0
Pests in queue:  0
0


📅 Daily batch (20 plants / 10 pests)

  ℹ️  Queues empty.
  ✅ All seeds fully enriched — no NEEDS_DATA found

Done — Sun Apr 12 09:00:01 AM UTC 2026

Next step: open Cursor Agent and paste review/cursor_agent_prompt.md

==========================================
PermiePortal Daily Run — Sun Apr 12 09:20:01 AM UTC 2026
==========================================
./daily.sh: line 21: [: 0
0: integer expression expected
Plants in queue: 0
0
Pests in queue:  0
0


📅 Daily batch (20 plants / 10 pests)

  ℹ️  Queues empty.
  ✅ All seeds fully enriched — no NEEDS_DATA found

Done — Sun Apr 12 09:20:01 AM UTC 2026

Next step: open Cursor Agent and paste review/cursor_agent_prompt.md

==========================================
PermiePortal Daily Run — Sun Apr 12 09:40:01 AM UTC 2026
==========================================
./daily.sh: line 21: [: 0
0: integer expression expected
Plants in queue: 0
0
Pests in queue:  0
0


📅 Daily batch (20 plants / 10 pests)

  ℹ️  Queues empty.
  ✅ All seeds fully enriched — no NEEDS_DATA found

Done — Sun Apr 12 09:40:01 AM UTC 2026

Next step: open Cursor Agent and paste review/cursor_agent_prompt.md

==========================================
PermiePortal Daily Run — Sun Apr 12 10:00:01 AM UTC 2026
==========================================
./daily.sh: line 21: [: 0
0: integer expression expected
Plants in queue: 0
0
Pests in queue:  0
0


📅 Daily batch (20 plants / 10 pests)

  ℹ️  Queues empty.
  ✅ All seeds fully enriched — no NEEDS_DATA found

Done — Sun Apr 12 10:00:01 AM UTC 2026

Next step: open Cursor Agent and paste review/cursor_agent_prompt.md

==========================================
PermiePortal Daily Run — Sun Apr 12 10:20:01 AM UTC 2026
==========================================
./daily.sh: line 21: [: 0
0: integer expression expected
Plants in queue: 0
0
Pests in queue:  0
0


📅 Daily batch (20 plants / 10 pests)

  ℹ️  Queues empty.
  ✅ All seeds fully enriched — no NEEDS_DATA found

Done — Sun Apr 12 10:20:02 AM UTC 2026

Next step: open Cursor Agent and paste review/cursor_agent_prompt.md

==========================================
PermiePortal Daily Run — Sun Apr 12 10:40:01 AM UTC 2026
==========================================
./daily.sh: line 21: [: 0
0: integer expression expected
Plants in queue: 0
0
Pests in queue:  0
0


📅 Daily batch (20 plants / 10 pests)

  ℹ️  Queues empty.
  ✅ All seeds fully enriched — no NEEDS_DATA found

Done — Sun Apr 12 10:40:01 AM UTC 2026

Next step: open Cursor Agent and paste review/cursor_agent_prompt.md

==========================================
PermiePortal Daily Run — Sun Apr 12 11:00:01 AM UTC 2026
==========================================
./daily.sh: line 21: [: 0
0: integer expression expected
Plants in queue: 0
0
Pests in queue:  0
0


📅 Daily batch (20 plants / 10 pests)

  ℹ️  Queues empty.
  ✅ All seeds fully enriched — no NEEDS_DATA found

Done — Sun Apr 12 11:00:01 AM UTC 2026

Next step: open Cursor Agent and paste review/cursor_agent_prompt.md

==========================================
PermiePortal Daily Run — Sun Apr 12 11:20:01 AM UTC 2026
==========================================
./daily.sh: line 21: [: 0
0: integer expression expected
Plants in queue: 0
0
Pests in queue:  0
0


📅 Daily batch (20 plants / 10 pests)

  ℹ️  Queues empty.
  ✅ All seeds fully enriched — no NEEDS_DATA found

Done — Sun Apr 12 11:20:01 AM UTC 2026

Next step: open Cursor Agent and paste review/cursor_agent_prompt.md

==========================================
PermiePortal Daily Run — Sun Apr 12 11:40:01 AM UTC 2026
==========================================
./daily.sh: line 21: [: 0
0: integer expression expected
Plants in queue: 0
0
Pests in queue:  0
0


📅 Daily batch (20 plants / 10 pests)

  ℹ️  Queues empty.
  ✅ All seeds fully enriched — no NEEDS_DATA found

Done — Sun Apr 12 11:40:01 AM UTC 2026

Next step: open Cursor Agent and paste review/cursor_agent_prompt.md

==========================================
PermiePortal Daily Run — Sun Apr 12 12:00:01 PM UTC 2026
==========================================
./daily.sh: line 21: [: 0
0: integer expression expected
Plants in queue: 0
0
Pests in queue:  0
0


📅 Daily batch (20 plants / 10 pests)

  ℹ️  Queues empty.
  ✅ All seeds fully enriched — no NEEDS_DATA found

Done — Sun Apr 12 12:00:01 PM UTC 2026

Next step: open Cursor Agent and paste review/cursor_agent_prompt.md

==========================================
PermiePortal Daily Run — Sun Apr 12 12:20:01 PM UTC 2026
==========================================
./daily.sh: line 21: [: 0
0: integer expression expected
Plants in queue: 0
0
Pests in queue:  0
0


📅 Daily batch (20 plants / 10 pests)

  ℹ️  Queues empty.
  ✅ All seeds fully enriched — no NEEDS_DATA found

Done — Sun Apr 12 12:20:01 PM UTC 2026

Next step: open Cursor Agent and paste review/cursor_agent_prompt.md

==========================================
PermiePortal Daily Run — Sun Apr 12 12:40:01 PM UTC 2026
==========================================
./daily.sh: line 21: [: 0
0: integer expression expected
Plants in queue: 0
0
Pests in queue:  0
0


📅 Daily batch (20 plants / 10 pests)

  ℹ️  Queues empty.
  ✅ All seeds fully enriched — no NEEDS_DATA found

Done — Sun Apr 12 12:40:01 PM UTC 2026

Next step: open Cursor Agent and paste review/cursor_agent_prompt.md

==========================================
PermiePortal Daily Run — Sun Apr 12 01:00:01 PM UTC 2026
==========================================
./daily.sh: line 21: [: 0
0: integer expression expected
Plants in queue: 0
0
Pests in queue:  0
0


📅 Daily batch (20 plants / 10 pests)

  ℹ️  Queues empty.
  ✅ All seeds fully enriched — no NEEDS_DATA found

Done — Sun Apr 12 01:00:01 PM UTC 2026

Next step: open Cursor Agent and paste review/cursor_agent_prompt.md

==========================================
PermiePortal Daily Run — Sun Apr 12 01:20:01 PM UTC 2026
==========================================
./daily.sh: line 21: [: 0
0: integer expression expected
Plants in queue: 0
0
Pests in queue:  0
0


📅 Daily batch (20 plants / 10 pests)

  ℹ️  Queues empty.
  ✅ All seeds fully enriched — no NEEDS_DATA found

Done — Sun Apr 12 01:20:02 PM UTC 2026

Next step: open Cursor Agent and paste review/cursor_agent_prompt.md

==========================================
PermiePortal Daily Run — Sun Apr 12 01:40:01 PM UTC 2026
==========================================
./daily.sh: line 21: [: 0
0: integer expression expected
Plants in queue: 0
0
Pests in queue:  0
0


📅 Daily batch (20 plants / 10 pests)

  ℹ️  Queues empty.
  ✅ All seeds fully enriched — no NEEDS_DATA found

Done — Sun Apr 12 01:40:01 PM UTC 2026

Next step: open Cursor Agent and paste review/cursor_agent_prompt.md

==========================================
PermiePortal Daily Run — Sun Apr 12 02:00:01 PM UTC 2026
==========================================
./daily.sh: line 21: [: 0
0: integer expression expected
Plants in queue: 0
0
Pests in queue:  0
0


📅 Daily batch (20 plants / 10 pests)

  ℹ️  Queues empty.
  ✅ All seeds fully enriched — no NEEDS_DATA found

Done — Sun Apr 12 02:00:01 PM UTC 2026

Next step: open Cursor Agent and paste review/cursor_agent_prompt.md

==========================================
PermiePortal Daily Run — Sun Apr 12 02:20:01 PM UTC 2026
==========================================
./daily.sh: line 21: [: 0
0: integer expression expected
Plants in queue: 0
0
Pests in queue:  0
0


📅 Daily batch (20 plants / 10 pests)

  ℹ️  Queues empty.
  ✅ All seeds fully enriched — no NEEDS_DATA found

Done — Sun Apr 12 02:20:01 PM UTC 2026

Next step: open Cursor Agent and paste review/cursor_agent_prompt.md

==========================================
PermiePortal Daily Run — Sun Apr 12 02:40:01 PM UTC 2026
==========================================
./daily.sh: line 21: [: 0
0: integer expression expected
Plants in queue: 0
0
Pests in queue:  0
0


📅 Daily batch (20 plants / 10 pests)

  ℹ️  Queues empty.
  ✅ All seeds fully enriched — no NEEDS_DATA found

Done — Sun Apr 12 02:40:01 PM UTC 2026

Next step: open Cursor Agent and paste review/cursor_agent_prompt.md

==========================================
PermiePortal Daily Run — Sun Apr 12 03:00:01 PM UTC 2026
==========================================
./daily.sh: line 21: [: 0
0: integer expression expected
Plants in queue: 0
0
Pests in queue:  0
0


📅 Daily batch (20 plants / 10 pests)

  ℹ️  Queues empty.
  ✅ All seeds fully enriched — no NEEDS_DATA found

Done — Sun Apr 12 03:00:01 PM UTC 2026

Next step: open Cursor Agent and paste review/cursor_agent_prompt.md

==========================================
PermiePortal Daily Run — Sun Apr 12 03:20:01 PM UTC 2026
==========================================
./daily.sh: line 21: [: 0
0: integer expression expected
Plants in queue: 0
0
Pests in queue:  0
0


📅 Daily batch (20 plants / 10 pests)

  ℹ️  Queues empty.
  ✅ All seeds fully enriched — no NEEDS_DATA found

Done — Sun Apr 12 03:20:01 PM UTC 2026

Next step: open Cursor Agent and paste review/cursor_agent_prompt.md

==========================================
PermiePortal Daily Run — Sun Apr 12 03:40:01 PM UTC 2026
==========================================
./daily.sh: line 21: [: 0
0: integer expression expected
Plants in queue: 0
0
Pests in queue:  0
0


📅 Daily batch (20 plants / 10 pests)

  ℹ️  Queues empty.
  ✅ All seeds fully enriched — no NEEDS_DATA found

Done — Sun Apr 12 03:40:01 PM UTC 2026

Next step: open Cursor Agent and paste review/cursor_agent_prompt.md

==========================================
PermiePortal Daily Run — Sun Apr 12 04:00:01 PM UTC 2026
==========================================
./daily.sh: line 21: [: 0
0: integer expression expected
Plants in queue: 0
0
Pests in queue:  0
0


📅 Daily batch (20 plants / 10 pests)

  ℹ️  Queues empty.
  ✅ All seeds fully enriched — no NEEDS_DATA found

Done — Sun Apr 12 04:00:01 PM UTC 2026

Next step: open Cursor Agent and paste review/cursor_agent_prompt.md

==========================================
PermiePortal Daily Run — Sun Apr 12 04:20:01 PM UTC 2026
==========================================
./daily.sh: line 21: [: 0
0: integer expression expected
Plants in queue: 0
0
Pests in queue:  0
0


📅 Daily batch (20 plants / 10 pests)

  ℹ️  Queues empty.
  ✅ All seeds fully enriched — no NEEDS_DATA found

Done — Sun Apr 12 04:20:01 PM UTC 2026

Next step: open Cursor Agent and paste review/cursor_agent_prompt.md

==========================================
PermiePortal Daily Run — Sun Apr 12 04:40:01 PM UTC 2026
==========================================
./daily.sh: line 21: [: 0
0: integer expression expected
Plants in queue: 0
0
Pests in queue:  0
0


📅 Daily batch (20 plants / 10 pests)

  ℹ️  Queues empty.
  ✅ All seeds fully enriched — no NEEDS_DATA found

Done — Sun Apr 12 04:40:01 PM UTC 2026

Next step: open Cursor Agent and paste review/cursor_agent_prompt.md

==========================================
PermiePortal Daily Run — Sun Apr 12 05:00:01 PM UTC 2026
==========================================
./daily.sh: line 21: [: 0
0: integer expression expected
Plants in queue: 0
0
Pests in queue:  0
0


📅 Daily batch (20 plants / 10 pests)

  ℹ️  Queues empty.
  ✅ All seeds fully enriched — no NEEDS_DATA found

Done — Sun Apr 12 05:00:01 PM UTC 2026

Next step: open Cursor Agent and paste review/cursor_agent_prompt.md

==========================================
PermiePortal Daily Run — Sun Apr 12 05:20:01 PM UTC 2026
==========================================
./daily.sh: line 21: [: 0
0: integer expression expected
Plants in queue: 0
0
Pests in queue:  0
0


📅 Daily batch (20 plants / 10 pests)

  ℹ️  Queues empty.
  ✅ All seeds fully enriched — no NEEDS_DATA found

Done — Sun Apr 12 05:20:01 PM UTC 2026

Next step: open Cursor Agent and paste review/cursor_agent_prompt.md

==========================================
PermiePortal Daily Run — Sun Apr 12 05:40:01 PM UTC 2026
==========================================
./daily.sh: line 21: [: 0
0: integer expression expected
Plants in queue: 0
0
Pests in queue:  0
0


📅 Daily batch (20 plants / 10 pests)

  ℹ️  Queues empty.
  ✅ All seeds fully enriched — no NEEDS_DATA found

Done — Sun Apr 12 05:40:01 PM UTC 2026

Next step: open Cursor Agent and paste review/cursor_agent_prompt.md

==========================================
PermiePortal Daily Run — Sun Apr 12 06:00:01 PM UTC 2026
==========================================
./daily.sh: line 21: [: 0
0: integer expression expected
Plants in queue: 0
0
Pests in queue:  0
0


📅 Daily batch (20 plants / 10 pests)

  ℹ️  Queues empty.
  ✅ All seeds fully enriched — no NEEDS_DATA found

Done — Sun Apr 12 06:00:01 PM UTC 2026

Next step: open Cursor Agent and paste review/cursor_agent_prompt.md

==========================================
PermiePortal Daily Run — Sun Apr 12 06:20:01 PM UTC 2026
==========================================
./daily.sh: line 21: [: 0
0: integer expression expected
Plants in queue: 0
0
Pests in queue:  0
0


📅 Daily batch (20 plants / 10 pests)

  ℹ️  Queues empty.
  ✅ All seeds fully enriched — no NEEDS_DATA found

Done — Sun Apr 12 06:20:01 PM UTC 2026

Next step: open Cursor Agent and paste review/cursor_agent_prompt.md

==========================================
PermiePortal Daily Run — Sun Apr 12 06:40:01 PM UTC 2026
==========================================
./daily.sh: line 21: [: 0
0: integer expression expected
Plants in queue: 0
0
Pests in queue:  0
0


📅 Daily batch (20 plants / 10 pests)

  ℹ️  Queues empty.
  ✅ All seeds fully enriched — no NEEDS_DATA found

Done — Sun Apr 12 06:40:01 PM UTC 2026

Next step: open Cursor Agent and paste review/cursor_agent_prompt.md

==========================================
PermiePortal Daily Run — Sun Apr 12 07:00:01 PM UTC 2026
==========================================
Plants in queue: 200
Pests in queue:  0
0


📅 Daily batch (20 plants / 10 pests)
  ⚠️  Rejected 37 invalid entries from queue_plants.txt:
    ✗ 'White Mulberry (wild type)'
    ✗ 'Toothache Tree (wild type)'
    ✗ 'Bald Cypress (wild type)'
    ✗ 'Red Cedar (Eastern Juniper)'
    ✗ 'Beggar’s Ticks'
    ✗ 'Water Pennywort'
    ✗ 'Tomatillo (wild type)'
    ✗ 'Tropical Soda Apple (controlled use)'
    ✗ 'Roselle (wild type variant)'
    ✗ 'Kenaf (wild type)'
    ... and 27 more
  Plants: 20, Pests: 0

==================================================
🌱 20 plants
==================================================

🌱 American Beauty Plum
  🔍 American Beauty Plum... ⚠️  no image found
    📝 american-beauty-plum-data.yml

🌱 Flatwoods Plum
  🔍 Flatwoods Plum... ✅ iNaturalist
    💾 flatwoods_plum.jpg
    📝 flatwoods-plum-data.yml

🌱 Chickasaw Blackberry
  🔍 Chickasaw Blackberry... ⚠️  no image found
    📝 chickasaw-blackberry-data.yml

🌱 Sand Blackberry
  🔍 Sand Blackberry... ✅ iNaturalist
    💾 sand_blackberry.jpg
    📝 sand-blackberry-data.yml

🌱 Dewberry
  🔍 Dewberry... ✅ Wikimedia
    💾 dewberry.jpg
    📝 dewberry-data.yml

🌱 Southern Dewberry
  🔍 Southern Dewberry... ✅ Wikimedia
    💾 southern_dewberry.jpg
    📝 southern-dewberry-data.yml

🌱 American Black Currant
  🔍 American Black Currant... ✅ Wikimedia
    💾 american_black_currant.jpg
    📝 american-black-currant-data.yml

🌱 Golden Currant
  🔍 Golden Currant... ✅ Wikimedia
    💾 golden_currant.jpg
    📝 golden-currant-data.yml

🌱 Florida Willow
  🔍 Florida Willow... ✅ Wikimedia
    ⚠️  Download failed: HTTP Error 429: Too many requests (f061ab2)
    📝 florida-willow-data.yml

🌱 Sand Live Oak
  🔍 Sand Live Oak... ✅ Wikimedia
    💾 sand_live_oak.jpg
    📝 sand-live-oak-data.yml

🌱 Bluejack Oak
  🔍 Bluejack Oak... ✅ iNaturalist
    💾 bluejack_oak.jpg
    📝 bluejack-oak-data.yml

🌱 Turkey Oak
  🔍 Turkey Oak... ✅ Wikimedia
    💾 turkey_oak.jpg
    📝 turkey-oak-data.yml

🌱 Myrtle Oak
  🔍 Myrtle Oak... ✅ iNaturalist
    💾 myrtle_oak.jpg
    📝 myrtle-oak-data.yml

🌱 Dwarf Live Oak
  🔍 Dwarf Live Oak... ✅ iNaturalist
    💾 dwarf_live_oak.jpg
    📝 dwarf-live-oak-data.yml

🌱 Florida Maple
  🔍 Florida Maple... ✅ Wikimedia
    💾 florida_maple.jpg
    📝 florida-maple-data.yml

🌱 Chalk Maple
  🔍 Chalk Maple... ✅ Wikimedia
    💾 chalk_maple.jpg
    📝 chalk-maple-data.yml

🌱 Red Mulberry
  🔍 Red Mulberry... ✅ Wikimedia
    ⚠️  Download failed: HTTP Error 429: Too many requests (f061ab2)
    📝 red-mulberry-data.yml

🌱 Sugar Hackberry
  🔍 Sugar Hackberry... ✅ Wikimedia
    ⚠️  Download failed: HTTP Error 429: Too many requests (f061ab2)
    📝 sugar-hackberry-data.yml

🌱 Southern Hackberry
  🔍 Southern Hackberry... ✅ Wikimedia
    ⚠️  Download failed: HTTP Error 429: Too many requests - please contact noc@wikimedia.org to discuss a less disruptive approach or instead use thumbnail images in sizes listed on https://w.wiki/GHai. (0c640b1)
    📝 southern-hackberry-data.yml

🌱 Hercules Club
  🔍 Hercules Club... ✅ Wikimedia
    ⚠️  Download failed: HTTP Error 429: Too many requests - please contact noc@wikimedia.org to discuss a less disruptive approach or instead use thumbnail images in sizes listed on https://w.wiki/GHai. (0c640b1)
    📝 hercules-club-data.yml

==================================================
✅ 20 processed
==================================================

📋 1 prompt file(s) in review/
   20 plants + 0 pest fields need enrichment
   Start: review/cursor_enrich_1_of_1.md
   Sequential only — one Agent session per file

  📋 143 plants still in queue

Done — Sun Apr 12 07:01:10 PM UTC 2026

Next step: open Cursor Agent and paste review/cursor_agent_prompt.md

==========================================
PermiePortal Daily Run — Sun Apr 12 07:20:01 PM UTC 2026
==========================================
./daily.sh: line 21: [: 0
0: integer expression expected
Plants in queue: 0
0
Pests in queue:  0
0


📅 Daily batch (20 plants / 999 pests)

  ℹ️  Queues empty.

📋 9 prompt file(s) in review/
   163 plants + 0 pest fields need enrichment
   Start: review/cursor_enrich_1_of_9.md
   Sequential only — one Agent session per file


Done — Sun Apr 12 07:20:01 PM UTC 2026

Next step: open Cursor Agent and paste review/cursor_agent_prompt.md

==========================================
PermiePortal Daily Run — Sun Apr 12 07:40:01 PM UTC 2026
==========================================
./daily.sh: line 21: [: 0
0: integer expression expected
Plants in queue: 0
0
Pests in queue:  0
0


📅 Daily batch (20 plants / 999 pests)

  ℹ️  Queues empty.

📋 7 prompt file(s) in review/
   125 plants + 0 pest fields need enrichment
   Start: review/cursor_enrich_1_of_7.md
   Sequential only — one Agent session per file


Done — Sun Apr 12 07:40:01 PM UTC 2026

Next step: open Cursor Agent and paste review/cursor_agent_prompt.md

==========================================
PermiePortal Daily Run — Sun Apr 12 08:00:01 PM UTC 2026
==========================================
./daily.sh: line 21: [: 0
0: integer expression expected
Plants in queue: 0
0
Pests in queue:  0
0


📅 Daily batch (20 plants / 999 pests)

  ℹ️  Queues empty.
  ✅ All seeds fully enriched — no NEEDS_DATA found

Done — Sun Apr 12 08:00:01 PM UTC 2026

Next step: open Cursor Agent and paste review/cursor_agent_prompt.md

==========================================
PermiePortal Daily Run — Sun Apr 12 08:20:01 PM UTC 2026
==========================================
Plants in queue: 202
Pests in queue:  0
0


📅 Daily batch (20 plants / 999 pests)
  Plants: 20, Pests: 0

==================================================
🌱 20 plants
==================================================

🌱 Zamia integrifolia
  🔍 Zamia integrifolia... ✅ Wikimedia
    ⚠️  Download failed: HTTP Error 429: Use thumbnail steps listed on https://w.wiki/GHai. Please contact noc@wikimedia.org for further information (a765913)
    📝 zamia-integrifolia-data.yml

🌱 Gopher Apple
  🔍 Gopher Apple... ✅ iNaturalist
    ⏭️  image exists
  ⏭️  Skipping Gopher Apple — already exists

🌱 Pineland Croton
  🔍 Pineland Croton... ✅ iNaturalist
    💾 pineland_croton.jpg
    📝 pineland-croton-data.yml

🌱 Pineland Heather
  🔍 Pineland Heather... ⚠️  no image found
    📝 pineland-heather-data.yml

🌱 Coastalplain Honeycombhead
  🔍 Coastalplain Honeycombhead... ✅ iNaturalist
    💾 coastalplain_honeycombhead.jpg
    📝 coastalplain-honeycombhead-data.yml

🌱 Florida Paintbrush
  🔍 Florida Paintbrush... ✅ Wikimedia
    ⚠️  Download failed: HTTP Error 429: Use thumbnail steps listed on https://w.wiki/GHai. Please contact noc@wikimedia.org for further information (a765913)
    📝 florida-paintbrush-data.yml

🌱 Leavenworth's Tickseed
  🔍 Leavenworth's Tickseed... ✅ Wikimedia
    ⚠️  Download failed: HTTP Error 429: Use thumbnail steps listed on https://w.wiki/GHai. Please contact noc@wikimedia.org for further information (a765913)
    📝 leavenworths-tickseed-data.yml

🌱 Sunshine Mimosa
  🔍 Sunshine Mimosa... ✅ Wikimedia
    ⏭️  image exists
  ⏭️  Skipping Sunshine Mimosa — already exists

🌱 Gopher Tortoise Burrow Plants
  🔍 Gopher Tortoise Burrow Plants... ⚠️  no image found
    📝 gopher-tortoise-burrow-plants-data.yml

🌱 Wild Columbine
  🔍 Wild Columbine... ✅ Wikimedia
    ⚠️  Download failed: HTTP Error 429: Use thumbnail steps listed on https://w.wiki/GHai. Please contact noc@wikimedia.org for further information (a765913)
    📝 wild-columbine-data.yml

🌱 Eastern Columbine
  🔍 Eastern Columbine... ✅ Wikimedia
    ⚠️  Download failed: HTTP Error 429: Use thumbnail steps listed on https://w.wiki/GHai. Please contact noc@wikimedia.org for further information (a765913)
    📝 eastern-columbine-data.yml

🌱 Blue Wild Indigo
  🔍 Blue Wild Indigo... ✅ Wikimedia
    ⚠️  Download failed: HTTP Error 429: Use thumbnail steps listed on https://w.wiki/GHai. Please contact noc@wikimedia.org for further information (a765913)
    📝 blue-wild-indigo-data.yml

🌱 White Wild Indigo
  🔍 White Wild Indigo... ✅ Wikimedia
    ⚠️  Download failed: HTTP Error 429: Use thumbnail steps listed on https://w.wiki/GHai. Please contact noc@wikimedia.org for further information (a765913)
    📝 white-wild-indigo-data.yml

🌱 Plains Wild Indigo
  🔍 Plains Wild Indigo... ✅ Wikimedia
    ⚠️  Download failed: HTTP Error 429: Use thumbnail steps listed on https://w.wiki/GHai. Please contact noc@wikimedia.org for further information (a765913)
    📝 plains-wild-indigo-data.yml

🌱 Pale Purple Coneflower
  🔍 Pale Purple Coneflower... ✅ Wikimedia
    ⚠️  Download failed: HTTP Error 429: Use thumbnail steps listed on https://w.wiki/GHai. Please contact noc@wikimedia.org for further information (a765913)
    📝 pale-purple-coneflower-data.yml

🌱 Yellow Coneflower
  🔍 Yellow Coneflower... ✅ Wikimedia
    ⚠️  Download failed: HTTP Error 429: Use thumbnail steps listed on https://w.wiki/GHai. Please contact noc@wikimedia.org for further information (a765913)
    📝 yellow-coneflower-data.yml

🌱 Prairie Coneflower
  🔍 Prairie Coneflower... ✅ Wikimedia
    ⚠️  Download failed: HTTP Error 429: Use thumbnail steps listed on https://w.wiki/GHai. Please contact noc@wikimedia.org for further information (a765913)
    📝 prairie-coneflower-data.yml

🌱 Rattlesnake Master
  🔍 Rattlesnake Master... ✅ Wikimedia
    ⏭️  image exists
  ⏭️  Skipping Rattlesnake Master — already exists

🌱 Prairie Blazingstar
  🔍 Prairie Blazingstar... ✅ Wikimedia
    ⚠️  Download failed: HTTP Error 429: Your request does not comply with our robot policy, https://w.wiki/4wJS. Please contact noc@wikimedia.org for further information (0fa5166)
    📝 prairie-blazingstar-data.yml

🌱 Dense Blazingstar
  🔍 Dense Blazingstar... ✅ Wikimedia
    ⚠️  Download failed: HTTP Error 429: Your request does not comply with our robot policy, https://w.wiki/4wJS. Please contact noc@wikimedia.org for further information (0fa5166)
    📝 dense-blazingstar-data.yml

==================================================
✅ 17 processed
==================================================

📋 2 prompt file(s) in review/
   35 plants + 0 pest fields need enrichment
   Start: review/cursor_enrich_1_of_2.md
   Sequential only — one Agent session per file

  📋 182 plants still in queue

Done — Sun Apr 12 08:20:43 PM UTC 2026

Next step: open Cursor Agent and paste review/cursor_agent_prompt.md

==========================================
PermiePortal Daily Run — Sun Apr 12 08:40:01 PM UTC 2026
==========================================
./daily.sh: line 21: [: 0
0: integer expression expected
Plants in queue: 0
0
Pests in queue:  0
0


📅 Daily batch (20 plants / 999 pests)

  ℹ️  Queues empty.

📋 11 prompt file(s) in review/
   211 plants + 0 pest fields need enrichment
   Start: review/cursor_enrich_1_of_11.md
   Sequential only — one Agent session per file


Done — Sun Apr 12 08:40:01 PM UTC 2026

Next step: open Cursor Agent and paste review/cursor_agent_prompt.md

==========================================
PermiePortal Daily Run — Sun Apr 12 09:00:01 PM UTC 2026
==========================================
./daily.sh: line 21: [: 0
0: integer expression expected
Plants in queue: 0
0
Pests in queue:  0
0


📅 Daily batch (20 plants / 999 pests)

  ℹ️  Queues empty.

📋 10 prompt file(s) in review/
   187 plants + 0 pest fields need enrichment
   Start: review/cursor_enrich_1_of_10.md
   Sequential only — one Agent session per file


Done — Sun Apr 12 09:00:01 PM UTC 2026

Next step: open Cursor Agent and paste review/cursor_agent_prompt.md

==========================================
PermiePortal Daily Run — Sun Apr 12 09:20:01 PM UTC 2026
==========================================
./daily.sh: line 21: [: 0
0: integer expression expected
Plants in queue: 0
0
Pests in queue:  0
0


📅 Daily batch (20 plants / 999 pests)

  ℹ️  Queues empty.

📋 7 prompt file(s) in review/
   124 plants + 0 pest fields need enrichment
   Start: review/cursor_enrich_1_of_7.md
   Sequential only — one Agent session per file


Done — Sun Apr 12 09:20:01 PM UTC 2026

Next step: open Cursor Agent and paste review/cursor_agent_prompt.md

==========================================
PermiePortal Daily Run — Sun Apr 12 09:40:01 PM UTC 2026
==========================================
./daily.sh: line 21: [: 0
0: integer expression expected
Plants in queue: 0
0
Pests in queue:  0
0


📅 Daily batch (20 plants / 999 pests)

  ℹ️  Queues empty.

📋 3 prompt file(s) in review/
   52 plants + 0 pest fields need enrichment
   Start: review/cursor_enrich_1_of_3.md
   Sequential only — one Agent session per file


Done — Sun Apr 12 09:40:01 PM UTC 2026

Next step: open Cursor Agent and paste review/cursor_agent_prompt.md

==========================================
PermiePortal Daily Run — Sun Apr 12 10:00:01 PM UTC 2026
==========================================
./daily.sh: line 21: [: 0
0: integer expression expected
Plants in queue: 0
0
Pests in queue:  0
0


📅 Daily batch (20 plants / 999 pests)

  ℹ️  Queues empty.
  ✅ All seeds fully enriched — no NEEDS_DATA found

Done — Sun Apr 12 10:00:02 PM UTC 2026

Next step: open Cursor Agent and paste review/cursor_agent_prompt.md

==========================================
PermiePortal Daily Run — Sun Apr 12 10:20:01 PM UTC 2026
==========================================
./daily.sh: line 21: [: 0
0: integer expression expected
Plants in queue: 0
0
Pests in queue:  0
0


📅 Daily batch (20 plants / 999 pests)

  ℹ️  Queues empty.
  ✅ All seeds fully enriched — no NEEDS_DATA found

Done — Sun Apr 12 10:20:01 PM UTC 2026

Next step: open Cursor Agent and paste review/cursor_agent_prompt.md

==========================================
PermiePortal Daily Run — Sun Apr 12 10:40:01 PM UTC 2026
==========================================
./daily.sh: line 21: [: 0
0: integer expression expected
Plants in queue: 0
0
Pests in queue:  0
0

  File "/home/dracos/apps/permieportal/automate.py", line 512
    slug_m = _re.search(r'slug:\s*["']?([\w-]+)', stub)
                                     ^
SyntaxError: closing parenthesis ']' does not match opening parenthesis '('

==========================================
PermiePortal Daily Run — Sun Apr 12 11:00:01 PM UTC 2026
==========================================
./daily.sh: line 21: [: 0
0: integer expression expected
Plants in queue: 0
0
Pests in queue:  0
0

  File "/home/dracos/apps/permieportal/automate.py", line 512
    slug_m = _re.search(r'slug:\s*["']?([\w-]+)', stub)
                                     ^
SyntaxError: closing parenthesis ']' does not match opening parenthesis '('

==========================================
PermiePortal Daily Run — Sun Apr 12 11:20:01 PM UTC 2026
==========================================
./daily.sh: line 21: [: 0
0: integer expression expected
Plants in queue: 0
0
Pests in queue:  0
0

  File "/home/dracos/apps/permieportal/automate.py", line 512
    slug_m = _re.search(r'slug:\s*["']?([\w-]+)', stub)
                                     ^
SyntaxError: closing parenthesis ']' does not match opening parenthesis '('

==========================================
PermiePortal Daily Run — Sun Apr 12 11:40:01 PM UTC 2026
==========================================
./daily.sh: line 21: [: 0
0: integer expression expected
Plants in queue: 0
0
Pests in queue:  0
0

  File "/home/dracos/apps/permieportal/automate.py", line 512
    slug_m = _re.search(r'slug:\s*["']?([\w-]+)', stub)
                                     ^
SyntaxError: closing parenthesis ']' does not match opening parenthesis '('

==========================================
PermiePortal Daily Run — Mon Apr 13 12:00:01 AM UTC 2026
==========================================
./daily.sh: line 21: [: 0
0: integer expression expected
Plants in queue: 0
0
Pests in queue:  0
0

  File "/home/dracos/apps/permieportal/automate.py", line 512
    slug_m = _re.search(r'slug:\s*["']?([\w-]+)', stub)
                                     ^
SyntaxError: closing parenthesis ']' does not match opening parenthesis '('

==========================================
PermiePortal Daily Run — Mon Apr 13 12:20:01 AM UTC 2026
==========================================
./daily.sh: line 21: [: 0
0: integer expression expected
Plants in queue: 0
0
Pests in queue:  0
0

  File "/home/dracos/apps/permieportal/automate.py", line 512
    slug_m = _re.search(r'slug:\s*["']?([\w-]+)', stub)
                                     ^
SyntaxError: closing parenthesis ']' does not match opening parenthesis '('

==========================================
PermiePortal Daily Run — Mon Apr 13 12:40:01 AM UTC 2026
==========================================
./daily.sh: line 21: [: 0
0: integer expression expected
Plants in queue: 0
0
Pests in queue:  0
0

  File "/home/dracos/apps/permieportal/automate.py", line 512
    slug_m = _re.search(r'slug:\s*["']?([\w-]+)', stub)
                                     ^
SyntaxError: closing parenthesis ']' does not match opening parenthesis '('

==========================================
PermiePortal Daily Run — Mon Apr 13 01:00:01 AM UTC 2026
==========================================
./daily.sh: line 21: [: 0
0: integer expression expected
Plants in queue: 0
0
Pests in queue:  0
0

  File "/home/dracos/apps/permieportal/automate.py", line 512
    slug_m = _re.search(r'slug:\s*["']?([\w-]+)', stub)
                                     ^
SyntaxError: closing parenthesis ']' does not match opening parenthesis '('

==========================================
PermiePortal Daily Run — Mon Apr 13 01:20:01 AM UTC 2026
==========================================
./daily.sh: line 21: [: 0
0: integer expression expected
Plants in queue: 0
0
Pests in queue:  0
0

  File "/home/dracos/apps/permieportal/automate.py", line 512
    slug_m = _re.search(r'slug:\s*["']?([\w-]+)', stub)
                                     ^
SyntaxError: closing parenthesis ']' does not match opening parenthesis '('

==========================================
PermiePortal Daily Run — Mon Apr 13 01:40:01 AM UTC 2026
==========================================
./daily.sh: line 21: [: 0
0: integer expression expected
Plants in queue: 0
0
Pests in queue:  0
0

  File "/home/dracos/apps/permieportal/automate.py", line 512
    slug_m = _re.search(r'slug:\s*["']?([\w-]+)', stub)
                                     ^
SyntaxError: closing parenthesis ']' does not match opening parenthesis '('

==========================================
PermiePortal Daily Run — Mon Apr 13 02:00:01 AM UTC 2026
==========================================
./daily.sh: line 21: [: 0
0: integer expression expected
Plants in queue: 0
0
Pests in queue:  0
0

  File "/home/dracos/apps/permieportal/automate.py", line 512
    slug_m = _re.search(r'slug:\s*["']?([\w-]+)', stub)
                                     ^
SyntaxError: closing parenthesis ']' does not match opening parenthesis '('

==========================================
PermiePortal Daily Run — Mon Apr 13 02:20:01 AM UTC 2026
==========================================
./daily.sh: line 21: [: 0
0: integer expression expected
Plants in queue: 0
0
Pests in queue:  0
0

  File "/home/dracos/apps/permieportal/automate.py", line 512
    slug_m = _re.search(r'slug:\s*["']?([\w-]+)', stub)
                                     ^
SyntaxError: closing parenthesis ']' does not match opening parenthesis '('

==========================================
PermiePortal Daily Run — Mon Apr 13 02:40:01 AM UTC 2026
==========================================
./daily.sh: line 21: [: 0
0: integer expression expected
Plants in queue: 0
0
Pests in queue:  0
0

  File "/home/dracos/apps/permieportal/automate.py", line 512
    slug_m = _re.search(r'slug:\s*["']?([\w-]+)', stub)
                                     ^
SyntaxError: closing parenthesis ']' does not match opening parenthesis '('

==========================================
PermiePortal Daily Run — Mon Apr 13 03:00:01 AM UTC 2026
==========================================
./daily.sh: line 21: [: 0
0: integer expression expected
Plants in queue: 0
0
Pests in queue:  0
0

  File "/home/dracos/apps/permieportal/automate.py", line 512
    slug_m = _re.search(r'slug:\s*["']?([\w-]+)', stub)
                                     ^
SyntaxError: closing parenthesis ']' does not match opening parenthesis '('

==========================================
PermiePortal Daily Run — Mon Apr 13 03:20:01 AM UTC 2026
==========================================
./daily.sh: line 21: [: 0
0: integer expression expected
Plants in queue: 0
0
Pests in queue:  0
0

  File "/home/dracos/apps/permieportal/automate.py", line 512
    slug_m = _re.search(r'slug:\s*["']?([\w-]+)', stub)
                                     ^
SyntaxError: closing parenthesis ']' does not match opening parenthesis '('

==========================================
PermiePortal Daily Run — Mon Apr 13 03:40:01 AM UTC 2026
==========================================
./daily.sh: line 21: [: 0
0: integer expression expected
Plants in queue: 0
0
Pests in queue:  0
0

  File "/home/dracos/apps/permieportal/automate.py", line 512
    slug_m = _re.search(r'slug:\s*["']?([\w-]+)', stub)
                                     ^
SyntaxError: closing parenthesis ']' does not match opening parenthesis '('

==========================================
PermiePortal Daily Run — Mon Apr 13 04:00:01 AM UTC 2026
==========================================
./daily.sh: line 21: [: 0
0: integer expression expected
Plants in queue: 0
0
Pests in queue:  0
0

  File "/home/dracos/apps/permieportal/automate.py", line 512
    slug_m = _re.search(r'slug:\s*["']?([\w-]+)', stub)
                                     ^
SyntaxError: closing parenthesis ']' does not match opening parenthesis '('

==========================================
PermiePortal Daily Run — Mon Apr 13 04:20:01 AM UTC 2026
==========================================
./daily.sh: line 21: [: 0
0: integer expression expected
Plants in queue: 0
0
Pests in queue:  0
0

  File "/home/dracos/apps/permieportal/automate.py", line 512
    slug_m = _re.search(r'slug:\s*["']?([\w-]+)', stub)
                                     ^
SyntaxError: closing parenthesis ']' does not match opening parenthesis '('

==========================================
PermiePortal Daily Run — Mon Apr 13 04:40:01 AM UTC 2026
==========================================
./daily.sh: line 21: [: 0
0: integer expression expected
Plants in queue: 0
0
Pests in queue:  0
0

  File "/home/dracos/apps/permieportal/automate.py", line 512
    slug_m = _re.search(r'slug:\s*["']?([\w-]+)', stub)
                                     ^
SyntaxError: closing parenthesis ']' does not match opening parenthesis '('

==========================================
PermiePortal Daily Run — Mon Apr 13 05:00:01 AM UTC 2026
==========================================
./daily.sh: line 21: [: 0
0: integer expression expected
Plants in queue: 0
0
Pests in queue:  0
0

  File "/home/dracos/apps/permieportal/automate.py", line 512
    slug_m = _re.search(r'slug:\s*["']?([\w-]+)', stub)
                                     ^
SyntaxError: closing parenthesis ']' does not match opening parenthesis '('

==========================================
PermiePortal Daily Run — Mon Apr 13 05:20:01 AM UTC 2026
==========================================
./daily.sh: line 21: [: 0
0: integer expression expected
Plants in queue: 0
0
Pests in queue:  0
0

  File "/home/dracos/apps/permieportal/automate.py", line 512
    slug_m = _re.search(r'slug:\s*["']?([\w-]+)', stub)
                                     ^
SyntaxError: closing parenthesis ']' does not match opening parenthesis '('

==========================================
PermiePortal Daily Run — Mon Apr 13 05:40:01 AM UTC 2026
==========================================
./daily.sh: line 21: [: 0
0: integer expression expected
Plants in queue: 0
0
Pests in queue:  0
0

  File "/home/dracos/apps/permieportal/automate.py", line 512
    slug_m = _re.search(r'slug:\s*["']?([\w-]+)', stub)
                                     ^
SyntaxError: closing parenthesis ']' does not match opening parenthesis '('

==========================================
PermiePortal Daily Run — Mon Apr 13 06:00:01 AM UTC 2026
==========================================
./daily.sh: line 21: [: 0
0: integer expression expected
Plants in queue: 0
0
Pests in queue:  0
0

  File "/home/dracos/apps/permieportal/automate.py", line 512
    slug_m = _re.search(r'slug:\s*["']?([\w-]+)', stub)
                                     ^
SyntaxError: closing parenthesis ']' does not match opening parenthesis '('

==========================================
PermiePortal Daily Run — Mon Apr 13 06:20:01 AM UTC 2026
==========================================
./daily.sh: line 21: [: 0
0: integer expression expected
Plants in queue: 0
0
Pests in queue:  0
0

  File "/home/dracos/apps/permieportal/automate.py", line 512
    slug_m = _re.search(r'slug:\s*["']?([\w-]+)', stub)
                                     ^
SyntaxError: closing parenthesis ']' does not match opening parenthesis '('

==========================================
PermiePortal Daily Run — Mon Apr 13 06:40:01 AM UTC 2026
==========================================
./daily.sh: line 21: [: 0
0: integer expression expected
Plants in queue: 0
0
Pests in queue:  0
0

  File "/home/dracos/apps/permieportal/automate.py", line 512
    slug_m = _re.search(r'slug:\s*["']?([\w-]+)', stub)
                                     ^
SyntaxError: closing parenthesis ']' does not match opening parenthesis '('

==========================================
PermiePortal Daily Run — Mon Apr 13 07:00:01 AM UTC 2026
==========================================
./daily.sh: line 21: [: 0
0: integer expression expected
Plants in queue: 0
0
Pests in queue:  0
0

  File "/home/dracos/apps/permieportal/automate.py", line 512
    slug_m = _re.search(r'slug:\s*["']?([\w-]+)', stub)
                                     ^
SyntaxError: closing parenthesis ']' does not match opening parenthesis '('

==========================================
PermiePortal Daily Run — Mon Apr 13 07:20:01 AM UTC 2026
==========================================
./daily.sh: line 21: [: 0
0: integer expression expected
Plants in queue: 0
0
Pests in queue:  0
0

  File "/home/dracos/apps/permieportal/automate.py", line 512
    slug_m = _re.search(r'slug:\s*["']?([\w-]+)', stub)
                                     ^
SyntaxError: closing parenthesis ']' does not match opening parenthesis '('

==========================================
PermiePortal Daily Run — Mon Apr 13 07:40:01 AM UTC 2026
==========================================
./daily.sh: line 21: [: 0
0: integer expression expected
Plants in queue: 0
0
Pests in queue:  0
0

  File "/home/dracos/apps/permieportal/automate.py", line 512
    slug_m = _re.search(r'slug:\s*["']?([\w-]+)', stub)
                                     ^
SyntaxError: closing parenthesis ']' does not match opening parenthesis '('

==========================================
PermiePortal Daily Run — Mon Apr 13 08:00:01 AM UTC 2026
==========================================
./daily.sh: line 21: [: 0
0: integer expression expected
Plants in queue: 0
0
Pests in queue:  0
0

  File "/home/dracos/apps/permieportal/automate.py", line 512
    slug_m = _re.search(r'slug:\s*["']?([\w-]+)', stub)
                                     ^
SyntaxError: closing parenthesis ']' does not match opening parenthesis '('

==========================================
PermiePortal Daily Run — Mon Apr 13 08:20:01 AM UTC 2026
==========================================
./daily.sh: line 21: [: 0
0: integer expression expected
Plants in queue: 0
0
Pests in queue:  0
0

  File "/home/dracos/apps/permieportal/automate.py", line 512
    slug_m = _re.search(r'slug:\s*["']?([\w-]+)', stub)
                                     ^
SyntaxError: closing parenthesis ']' does not match opening parenthesis '('

==========================================
PermiePortal Daily Run — Mon Apr 13 08:40:01 AM UTC 2026
==========================================
./daily.sh: line 21: [: 0
0: integer expression expected
Plants in queue: 0
0
Pests in queue:  0
0

  File "/home/dracos/apps/permieportal/automate.py", line 512
    slug_m = _re.search(r'slug:\s*["']?([\w-]+)', stub)
                                     ^
SyntaxError: closing parenthesis ']' does not match opening parenthesis '('

==========================================
PermiePortal Daily Run — Mon Apr 13 09:00:01 AM UTC 2026
==========================================
./daily.sh: line 21: [: 0
0: integer expression expected
Plants in queue: 0
0
Pests in queue:  0
0

  File "/home/dracos/apps/permieportal/automate.py", line 512
    slug_m = _re.search(r'slug:\s*["']?([\w-]+)', stub)
                                     ^
SyntaxError: closing parenthesis ']' does not match opening parenthesis '('

==========================================
PermiePortal Daily Run — Mon Apr 13 09:20:01 AM UTC 2026
==========================================
./daily.sh: line 21: [: 0
0: integer expression expected
Plants in queue: 0
0
Pests in queue:  0
0

  File "/home/dracos/apps/permieportal/automate.py", line 512
    slug_m = _re.search(r'slug:\s*["']?([\w-]+)', stub)
                                     ^
SyntaxError: closing parenthesis ']' does not match opening parenthesis '('

==========================================
PermiePortal Daily Run — Mon Apr 13 09:40:01 AM UTC 2026
==========================================
./daily.sh: line 21: [: 0
0: integer expression expected
Plants in queue: 0
0
Pests in queue:  0
0

  File "/home/dracos/apps/permieportal/automate.py", line 512
    slug_m = _re.search(r'slug:\s*["']?([\w-]+)', stub)
                                     ^
SyntaxError: closing parenthesis ']' does not match opening parenthesis '('

==========================================
PermiePortal Daily Run — Mon Apr 13 10:00:01 AM UTC 2026
==========================================
./daily.sh: line 21: [: 0
0: integer expression expected
Plants in queue: 0
0
Pests in queue:  0
0

  File "/home/dracos/apps/permieportal/automate.py", line 512
    slug_m = _re.search(r'slug:\s*["']?([\w-]+)', stub)
                                     ^
SyntaxError: closing parenthesis ']' does not match opening parenthesis '('

==========================================
PermiePortal Daily Run — Mon Apr 13 10:20:01 AM UTC 2026
==========================================
./daily.sh: line 21: [: 0
0: integer expression expected
Plants in queue: 0
0
Pests in queue:  0
0

  File "/home/dracos/apps/permieportal/automate.py", line 512
    slug_m = _re.search(r'slug:\s*["']?([\w-]+)', stub)
                                     ^
SyntaxError: closing parenthesis ']' does not match opening parenthesis '('

==========================================
PermiePortal Daily Run — Mon Apr 13 10:40:01 AM UTC 2026
==========================================
./daily.sh: line 21: [: 0
0: integer expression expected
Plants in queue: 0
0
Pests in queue:  0
0

  File "/home/dracos/apps/permieportal/automate.py", line 512
    slug_m = _re.search(r'slug:\s*["']?([\w-]+)', stub)
                                     ^
SyntaxError: closing parenthesis ']' does not match opening parenthesis '('

==========================================
PermiePortal Daily Run — Mon Apr 13 11:00:01 AM UTC 2026
==========================================
./daily.sh: line 21: [: 0
0: integer expression expected
Plants in queue: 0
0
Pests in queue:  0
0

  File "/home/dracos/apps/permieportal/automate.py", line 512
    slug_m = _re.search(r'slug:\s*["']?([\w-]+)', stub)
                                     ^
SyntaxError: closing parenthesis ']' does not match opening parenthesis '('

==========================================
PermiePortal Daily Run — Mon Apr 13 11:20:01 AM UTC 2026
==========================================
./daily.sh: line 21: [: 0
0: integer expression expected
Plants in queue: 0
0
Pests in queue:  0
0

  File "/home/dracos/apps/permieportal/automate.py", line 512
    slug_m = _re.search(r'slug:\s*["']?([\w-]+)', stub)
                                     ^
SyntaxError: closing parenthesis ']' does not match opening parenthesis '('

==========================================
PermiePortal Daily Run — Mon Apr 13 11:40:01 AM UTC 2026
==========================================
./daily.sh: line 21: [: 0
0: integer expression expected
Plants in queue: 0
0
Pests in queue:  0
0

  File "/home/dracos/apps/permieportal/automate.py", line 512
    slug_m = _re.search(r'slug:\s*["']?([\w-]+)', stub)
                                     ^
SyntaxError: closing parenthesis ']' does not match opening parenthesis '('

==========================================
PermiePortal Daily Run — Mon Apr 13 12:00:01 PM UTC 2026
==========================================
./daily.sh: line 21: [: 0
0: integer expression expected
Plants in queue: 0
0
Pests in queue:  0
0

  File "/home/dracos/apps/permieportal/automate.py", line 512
    slug_m = _re.search(r'slug:\s*["']?([\w-]+)', stub)
                                     ^
SyntaxError: closing parenthesis ']' does not match opening parenthesis '('

==========================================
PermiePortal Daily Run — Mon Apr 13 12:20:01 PM UTC 2026
==========================================
./daily.sh: line 21: [: 0
0: integer expression expected
Plants in queue: 0
0
Pests in queue:  0
0

  File "/home/dracos/apps/permieportal/automate.py", line 512
    slug_m = _re.search(r'slug:\s*["']?([\w-]+)', stub)
                                     ^
SyntaxError: closing parenthesis ']' does not match opening parenthesis '('

==========================================
PermiePortal Daily Run — Mon Apr 13 12:40:01 PM UTC 2026
==========================================
./daily.sh: line 21: [: 0
0: integer expression expected
Plants in queue: 0
0
Pests in queue:  0
0

  File "/home/dracos/apps/permieportal/automate.py", line 512
    slug_m = _re.search(r'slug:\s*["']?([\w-]+)', stub)
                                     ^
SyntaxError: closing parenthesis ']' does not match opening parenthesis '('

==========================================
PermiePortal Daily Run — Mon Apr 13 01:00:01 PM UTC 2026
==========================================
./daily.sh: line 21: [: 0
0: integer expression expected
Plants in queue: 0
0
Pests in queue:  0
0

  File "/home/dracos/apps/permieportal/automate.py", line 512
    slug_m = _re.search(r'slug:\s*["']?([\w-]+)', stub)
                                     ^
SyntaxError: closing parenthesis ']' does not match opening parenthesis '('

==========================================
PermiePortal Daily Run — Mon Apr 13 01:20:01 PM UTC 2026
==========================================
./daily.sh: line 21: [: 0
0: integer expression expected
Plants in queue: 0
0
Pests in queue:  0
0

  File "/home/dracos/apps/permieportal/automate.py", line 512
    slug_m = _re.search(r'slug:\s*["']?([\w-]+)', stub)
                                     ^
SyntaxError: closing parenthesis ']' does not match opening parenthesis '('

==========================================
PermiePortal Daily Run — Mon Apr 13 01:40:01 PM UTC 2026
==========================================
./daily.sh: line 21: [: 0
0: integer expression expected
Plants in queue: 0
0
Pests in queue:  0
0

  File "/home/dracos/apps/permieportal/automate.py", line 512
    slug_m = _re.search(r'slug:\s*["']?([\w-]+)', stub)
                                     ^
SyntaxError: closing parenthesis ']' does not match opening parenthesis '('

==========================================
PermiePortal Daily Run — Mon Apr 13 02:00:01 PM UTC 2026
==========================================
./daily.sh: line 21: [: 0
0: integer expression expected
Plants in queue: 0
0
Pests in queue:  0
0

  File "/home/dracos/apps/permieportal/automate.py", line 512
    slug_m = _re.search(r'slug:\s*["']?([\w-]+)', stub)
                                     ^
SyntaxError: closing parenthesis ']' does not match opening parenthesis '('

==========================================
PermiePortal Daily Run — Mon Apr 13 02:20:01 PM UTC 2026
==========================================
./daily.sh: line 21: [: 0
0: integer expression expected
Plants in queue: 0
0
Pests in queue:  0
0

  File "/home/dracos/apps/permieportal/automate.py", line 512
    slug_m = _re.search(r'slug:\s*["']?([\w-]+)', stub)
                                     ^
SyntaxError: closing parenthesis ']' does not match opening parenthesis '('

==========================================
PermiePortal Daily Run — Mon Apr 13 02:40:01 PM UTC 2026
==========================================
./daily.sh: line 21: [: 0
0: integer expression expected
Plants in queue: 0
0
Pests in queue:  0
0

  File "/home/dracos/apps/permieportal/automate.py", line 512
    slug_m = _re.search(r'slug:\s*["']?([\w-]+)', stub)
                                     ^
SyntaxError: closing parenthesis ']' does not match opening parenthesis '('

==========================================
PermiePortal Daily Run — Mon Apr 13 03:00:01 PM UTC 2026
==========================================
./daily.sh: line 21: [: 0
0: integer expression expected
Plants in queue: 0
0
Pests in queue:  0
0

  File "/home/dracos/apps/permieportal/automate.py", line 512
    slug_m = _re.search(r'slug:\s*["']?([\w-]+)', stub)
                                     ^
SyntaxError: closing parenthesis ']' does not match opening parenthesis '('

==========================================
PermiePortal Daily Run — Mon Apr 13 03:20:01 PM UTC 2026
==========================================
./daily.sh: line 21: [: 0
0: integer expression expected
Plants in queue: 0
0
Pests in queue:  0
0

  File "/home/dracos/apps/permieportal/automate.py", line 512
    slug_m = _re.search(r'slug:\s*["']?([\w-]+)', stub)
                                     ^
SyntaxError: closing parenthesis ']' does not match opening parenthesis '('

==========================================
PermiePortal Daily Run — Mon Apr 13 03:40:01 PM UTC 2026
==========================================
./daily.sh: line 21: [: 0
0: integer expression expected
Plants in queue: 0
0
Pests in queue:  0
0

  File "/home/dracos/apps/permieportal/automate.py", line 512
    slug_m = _re.search(r'slug:\s*["']?([\w-]+)', stub)
                                     ^
SyntaxError: closing parenthesis ']' does not match opening parenthesis '('

==========================================
PermiePortal Daily Run — Mon Apr 13 04:00:01 PM UTC 2026
==========================================
./daily.sh: line 21: [: 0
0: integer expression expected
Plants in queue: 0
0
Pests in queue:  0
0

  File "/home/dracos/apps/permieportal/automate.py", line 512
    slug_m = _re.search(r'slug:\s*["']?([\w-]+)', stub)
                                     ^
SyntaxError: closing parenthesis ']' does not match opening parenthesis '('

==========================================
PermiePortal Daily Run — Mon Apr 13 04:20:01 PM UTC 2026
==========================================
./daily.sh: line 21: [: 0
0: integer expression expected
Plants in queue: 0
0
Pests in queue:  0
0

  File "/home/dracos/apps/permieportal/automate.py", line 512
    slug_m = _re.search(r'slug:\s*["']?([\w-]+)', stub)
                                     ^
SyntaxError: closing parenthesis ']' does not match opening parenthesis '('

==========================================
PermiePortal Daily Run — Mon Apr 13 04:40:01 PM UTC 2026
==========================================
./daily.sh: line 21: [: 0
0: integer expression expected
Plants in queue: 0
0
Pests in queue:  0
0

  File "/home/dracos/apps/permieportal/automate.py", line 512
    slug_m = _re.search(r'slug:\s*["']?([\w-]+)', stub)
                                     ^
SyntaxError: closing parenthesis ']' does not match opening parenthesis '('

==========================================
PermiePortal Daily Run — Mon Apr 13 05:00:01 PM UTC 2026
==========================================
./daily.sh: line 21: [: 0
0: integer expression expected
Plants in queue: 0
0
Pests in queue:  0
0

  File "/home/dracos/apps/permieportal/automate.py", line 512
    slug_m = _re.search(r'slug:\s*["']?([\w-]+)', stub)
                                     ^
SyntaxError: closing parenthesis ']' does not match opening parenthesis '('

==========================================
PermiePortal Daily Run — Mon Apr 13 05:20:01 PM UTC 2026
==========================================
./daily.sh: line 21: [: 0
0: integer expression expected
Plants in queue: 0
0
Pests in queue:  0
0

  File "/home/dracos/apps/permieportal/automate.py", line 512
    slug_m = _re.search(r'slug:\s*["']?([\w-]+)', stub)
                                     ^
SyntaxError: closing parenthesis ']' does not match opening parenthesis '('

==========================================
PermiePortal Daily Run — Mon Apr 13 05:40:01 PM UTC 2026
==========================================
./daily.sh: line 21: [: 0
0: integer expression expected
Plants in queue: 0
0
Pests in queue:  0
0

  File "/home/dracos/apps/permieportal/automate.py", line 512
    slug_m = _re.search(r'slug:\s*["']?([\w-]+)', stub)
                                     ^
SyntaxError: closing parenthesis ']' does not match opening parenthesis '('

==========================================
PermiePortal Daily Run — Mon Apr 13 06:00:01 PM UTC 2026
==========================================
./daily.sh: line 21: [: 0
0: integer expression expected
Plants in queue: 0
0
Pests in queue:  0
0

  File "/home/dracos/apps/permieportal/automate.py", line 512
    slug_m = _re.search(r'slug:\s*["']?([\w-]+)', stub)
                                     ^
SyntaxError: closing parenthesis ']' does not match opening parenthesis '('

==========================================
PermiePortal Daily Run — Mon Apr 13 06:20:01 PM UTC 2026
==========================================
./daily.sh: line 21: [: 0
0: integer expression expected
Plants in queue: 0
0
Pests in queue:  0
0

  File "/home/dracos/apps/permieportal/automate.py", line 512
    slug_m = _re.search(r'slug:\s*["']?([\w-]+)', stub)
                                     ^
SyntaxError: closing parenthesis ']' does not match opening parenthesis '('

==========================================
PermiePortal Daily Run — Mon Apr 13 06:40:01 PM UTC 2026
==========================================
./daily.sh: line 21: [: 0
0: integer expression expected
Plants in queue: 0
0
Pests in queue:  0
0

  File "/home/dracos/apps/permieportal/automate.py", line 512
    slug_m = _re.search(r'slug:\s*["']?([\w-]+)', stub)
                                     ^
SyntaxError: closing parenthesis ']' does not match opening parenthesis '('

==========================================
PermiePortal Daily Run — Mon Apr 13 07:00:01 PM UTC 2026
==========================================
./daily.sh: line 21: [: 0
0: integer expression expected
Plants in queue: 0
0
Pests in queue:  0
0

  File "/home/dracos/apps/permieportal/automate.py", line 512
    slug_m = _re.search(r'slug:\s*["']?([\w-]+)', stub)
                                     ^
SyntaxError: closing parenthesis ']' does not match opening parenthesis '('

==========================================
PermiePortal Daily Run — Mon Apr 13 07:20:01 PM UTC 2026
==========================================
./daily.sh: line 21: [: 0
0: integer expression expected
Plants in queue: 0
0
Pests in queue:  0
0

  File "/home/dracos/apps/permieportal/automate.py", line 512
    slug_m = _re.search(r'slug:\s*["']?([\w-]+)', stub)
                                     ^
SyntaxError: closing parenthesis ']' does not match opening parenthesis '('

==========================================
PermiePortal Daily Run — Mon Apr 13 07:40:01 PM UTC 2026
==========================================
./daily.sh: line 21: [: 0
0: integer expression expected
Plants in queue: 0
0
Pests in queue:  0
0

  File "/home/dracos/apps/permieportal/automate.py", line 512
    slug_m = _re.search(r'slug:\s*["']?([\w-]+)', stub)
                                     ^
SyntaxError: closing parenthesis ']' does not match opening parenthesis '('

==========================================
PermiePortal Daily Run — Mon Apr 13 08:00:01 PM UTC 2026
==========================================
./daily.sh: line 21: [: 0
0: integer expression expected
Plants in queue: 0
0
Pests in queue:  0
0

  File "/home/dracos/apps/permieportal/automate.py", line 512
    slug_m = _re.search(r'slug:\s*["']?([\w-]+)', stub)
                                     ^
SyntaxError: closing parenthesis ']' does not match opening parenthesis '('

==========================================
PermiePortal Daily Run — Mon Apr 13 08:20:01 PM UTC 2026
==========================================
./daily.sh: line 21: [: 0
0: integer expression expected
Plants in queue: 0
0
Pests in queue:  0
0

  File "/home/dracos/apps/permieportal/automate.py", line 512
    slug_m = _re.search(r'slug:\s*["']?([\w-]+)', stub)
                                     ^
SyntaxError: closing parenthesis ']' does not match opening parenthesis '('

==========================================
PermiePortal Daily Run — Mon Apr 13 08:40:01 PM UTC 2026
==========================================
./daily.sh: line 21: [: 0
0: integer expression expected
Plants in queue: 0
0
Pests in queue:  0
0

  File "/home/dracos/apps/permieportal/automate.py", line 512
    slug_m = _re.search(r'slug:\s*["']?([\w-]+)', stub)
                                     ^
SyntaxError: closing parenthesis ']' does not match opening parenthesis '('

==========================================
PermiePortal Daily Run — Mon Apr 13 09:00:01 PM UTC 2026
==========================================
./daily.sh: line 21: [: 0
0: integer expression expected
Plants in queue: 0
0
Pests in queue:  0
0

  File "/home/dracos/apps/permieportal/automate.py", line 512
    slug_m = _re.search(r'slug:\s*["']?([\w-]+)', stub)
                                     ^
SyntaxError: closing parenthesis ']' does not match opening parenthesis '('

==========================================
PermiePortal Daily Run — Mon Apr 13 09:20:01 PM UTC 2026
==========================================
./daily.sh: line 21: [: 0
0: integer expression expected
Plants in queue: 0
0
Pests in queue:  0
0

  File "/home/dracos/apps/permieportal/automate.py", line 512
    slug_m = _re.search(r'slug:\s*["']?([\w-]+)', stub)
                                     ^
SyntaxError: closing parenthesis ']' does not match opening parenthesis '('

==========================================
PermiePortal Daily Run — Mon Apr 13 09:40:01 PM UTC 2026
==========================================
./daily.sh: line 21: [: 0
0: integer expression expected
Plants in queue: 0
0
Pests in queue:  0
0

  File "/home/dracos/apps/permieportal/automate.py", line 512
    slug_m = _re.search(r'slug:\s*["']?([\w-]+)', stub)
                                     ^
SyntaxError: closing parenthesis ']' does not match opening parenthesis '('

==========================================
PermiePortal Daily Run — Mon Apr 13 10:00:01 PM UTC 2026
==========================================
./daily.sh: line 21: [: 0
0: integer expression expected
Plants in queue: 0
0
Pests in queue:  0
0

  File "/home/dracos/apps/permieportal/automate.py", line 512
    slug_m = _re.search(r'slug:\s*["']?([\w-]+)', stub)
                                     ^
SyntaxError: closing parenthesis ']' does not match opening parenthesis '('

==========================================
PermiePortal Daily Run — Mon Apr 13 10:20:01 PM UTC 2026
==========================================
./daily.sh: line 21: [: 0
0: integer expression expected
Plants in queue: 0
0
Pests in queue:  0
0

  File "/home/dracos/apps/permieportal/automate.py", line 512
    slug_m = _re.search(r'slug:\s*["']?([\w-]+)', stub)
                                     ^
SyntaxError: closing parenthesis ']' does not match opening parenthesis '('

==========================================
PermiePortal Daily Run — Mon Apr 13 10:40:01 PM UTC 2026
==========================================
./daily.sh: line 21: [: 0
0: integer expression expected
Plants in queue: 0
0
Pests in queue:  0
0

  File "/home/dracos/apps/permieportal/automate.py", line 512
    slug_m = _re.search(r'slug:\s*["']?([\w-]+)', stub)
                                     ^
SyntaxError: closing parenthesis ']' does not match opening parenthesis '('

==========================================
PermiePortal Daily Run — Mon Apr 13 11:00:01 PM UTC 2026
==========================================
./daily.sh: line 21: [: 0
0: integer expression expected
Plants in queue: 0
0
Pests in queue:  0
0

  File "/home/dracos/apps/permieportal/automate.py", line 512
    slug_m = _re.search(r'slug:\s*["']?([\w-]+)', stub)
                                     ^
SyntaxError: closing parenthesis ']' does not match opening parenthesis '('

==========================================
PermiePortal Daily Run — Mon Apr 13 11:20:01 PM UTC 2026
==========================================
./daily.sh: line 21: [: 0
0: integer expression expected
Plants in queue: 0
0
Pests in queue:  0
0

  File "/home/dracos/apps/permieportal/automate.py", line 512
    slug_m = _re.search(r'slug:\s*["']?([\w-]+)', stub)
                                     ^
SyntaxError: closing parenthesis ']' does not match opening parenthesis '('

==========================================
PermiePortal Daily Run — Mon Apr 13 11:40:01 PM UTC 2026
==========================================
./daily.sh: line 21: [: 0
0: integer expression expected
Plants in queue: 0
0
Pests in queue:  0
0

  File "/home/dracos/apps/permieportal/automate.py", line 512
    slug_m = _re.search(r'slug:\s*["']?([\w-]+)', stub)
                                     ^
SyntaxError: closing parenthesis ']' does not match opening parenthesis '('

==========================================
PermiePortal Daily Run — Tue Apr 14 12:00:01 AM UTC 2026
==========================================
./daily.sh: line 21: [: 0
0: integer expression expected
Plants in queue: 0
0
Pests in queue:  0
0

  File "/home/dracos/apps/permieportal/automate.py", line 512
    slug_m = _re.search(r'slug:\s*["']?([\w-]+)', stub)
                                     ^
SyntaxError: closing parenthesis ']' does not match opening parenthesis '('

==========================================
PermiePortal Daily Run — Tue Apr 14 12:20:01 AM UTC 2026
==========================================
./daily.sh: line 21: [: 0
0: integer expression expected
Plants in queue: 0
0
Pests in queue:  0
0

  File "/home/dracos/apps/permieportal/automate.py", line 512
    slug_m = _re.search(r'slug:\s*["']?([\w-]+)', stub)
                                     ^
SyntaxError: closing parenthesis ']' does not match opening parenthesis '('

==========================================
PermiePortal Daily Run — Tue Apr 14 12:40:01 AM UTC 2026
==========================================
./daily.sh: line 21: [: 0
0: integer expression expected
Plants in queue: 0
0
Pests in queue:  0
0

  File "/home/dracos/apps/permieportal/automate.py", line 512
    slug_m = _re.search(r'slug:\s*["']?([\w-]+)', stub)
                                     ^
SyntaxError: closing parenthesis ']' does not match opening parenthesis '('

==========================================
PermiePortal Daily Run — Tue Apr 14 01:00:01 AM UTC 2026
==========================================
./daily.sh: line 21: [: 0
0: integer expression expected
Plants in queue: 0
0
Pests in queue:  0
0

  File "/home/dracos/apps/permieportal/automate.py", line 512
    slug_m = _re.search(r'slug:\s*["']?([\w-]+)', stub)
                                     ^
SyntaxError: closing parenthesis ']' does not match opening parenthesis '('

==========================================
PermiePortal Daily Run — Tue Apr 14 01:20:01 AM UTC 2026
==========================================
./daily.sh: line 21: [: 0
0: integer expression expected
Plants in queue: 0
0
Pests in queue:  0
0

  File "/home/dracos/apps/permieportal/automate.py", line 512
    slug_m = _re.search(r'slug:\s*["']?([\w-]+)', stub)
                                     ^
SyntaxError: closing parenthesis ']' does not match opening parenthesis '('

==========================================
PermiePortal Daily Run — Tue Apr 14 01:40:01 AM UTC 2026
==========================================
./daily.sh: line 21: [: 0
0: integer expression expected
Plants in queue: 0
0
Pests in queue:  0
0

  File "/home/dracos/apps/permieportal/automate.py", line 512
    slug_m = _re.search(r'slug:\s*["']?([\w-]+)', stub)
                                     ^
SyntaxError: closing parenthesis ']' does not match opening parenthesis '('

==========================================
PermiePortal Daily Run — Tue Apr 14 02:00:01 AM UTC 2026
==========================================
./daily.sh: line 21: [: 0
0: integer expression expected
Plants in queue: 0
0
Pests in queue:  0
0

  File "/home/dracos/apps/permieportal/automate.py", line 512
    slug_m = _re.search(r'slug:\s*["']?([\w-]+)', stub)
                                     ^
SyntaxError: closing parenthesis ']' does not match opening parenthesis '('

==========================================
PermiePortal Daily Run — Tue Apr 14 02:20:01 AM UTC 2026
==========================================
./daily.sh: line 21: [: 0
0: integer expression expected
Plants in queue: 0
0
Pests in queue:  0
0

  File "/home/dracos/apps/permieportal/automate.py", line 512
    slug_m = _re.search(r'slug:\s*["']?([\w-]+)', stub)
                                     ^
SyntaxError: closing parenthesis ']' does not match opening parenthesis '('

==========================================
PermiePortal Daily Run — Tue Apr 14 02:40:01 AM UTC 2026
==========================================
./daily.sh: line 21: [: 0
0: integer expression expected
Plants in queue: 0
0
Pests in queue:  0
0

  File "/home/dracos/apps/permieportal/automate.py", line 512
    slug_m = _re.search(r'slug:\s*["']?([\w-]+)', stub)
                                     ^
SyntaxError: closing parenthesis ']' does not match opening parenthesis '('

==========================================
PermiePortal Daily Run — Tue Apr 14 03:00:01 AM UTC 2026
==========================================
./daily.sh: line 21: [: 0
0: integer expression expected
Plants in queue: 0
0
Pests in queue:  0
0

  File "/home/dracos/apps/permieportal/automate.py", line 512
    slug_m = _re.search(r'slug:\s*["']?([\w-]+)', stub)
                                     ^
SyntaxError: closing parenthesis ']' does not match opening parenthesis '('

==========================================
PermiePortal Daily Run — Tue Apr 14 03:20:01 AM UTC 2026
==========================================
./daily.sh: line 21: [: 0
0: integer expression expected
Plants in queue: 0
0
Pests in queue:  0
0

  File "/home/dracos/apps/permieportal/automate.py", line 512
    slug_m = _re.search(r'slug:\s*["']?([\w-]+)', stub)
                                     ^
SyntaxError: closing parenthesis ']' does not match opening parenthesis '('

==========================================
PermiePortal Daily Run — Tue Apr 14 03:40:01 AM UTC 2026
==========================================
./daily.sh: line 21: [: 0
0: integer expression expected
Plants in queue: 0
0
Pests in queue:  0
0

  File "/home/dracos/apps/permieportal/automate.py", line 512
    slug_m = _re.search(r'slug:\s*["']?([\w-]+)', stub)
                                     ^
SyntaxError: closing parenthesis ']' does not match opening parenthesis '('

==========================================
PermiePortal Daily Run — Tue Apr 14 04:00:01 AM UTC 2026
==========================================
./daily.sh: line 21: [: 0
0: integer expression expected
Plants in queue: 0
0
Pests in queue:  0
0

  File "/home/dracos/apps/permieportal/automate.py", line 512
    slug_m = _re.search(r'slug:\s*["']?([\w-]+)', stub)
                                     ^
SyntaxError: closing parenthesis ']' does not match opening parenthesis '('

==========================================
PermiePortal Daily Run — Tue Apr 14 04:20:01 AM UTC 2026
==========================================
./daily.sh: line 21: [: 0
0: integer expression expected
Plants in queue: 0
0
Pests in queue:  0
0

  File "/home/dracos/apps/permieportal/automate.py", line 512
    slug_m = _re.search(r'slug:\s*["']?([\w-]+)', stub)
                                     ^
SyntaxError: closing parenthesis ']' does not match opening parenthesis '('

==========================================
PermiePortal Daily Run — Tue Apr 14 04:40:01 AM UTC 2026
==========================================
./daily.sh: line 21: [: 0
0: integer expression expected
Plants in queue: 0
0
Pests in queue:  0
0

  File "/home/dracos/apps/permieportal/automate.py", line 512
    slug_m = _re.search(r'slug:\s*["']?([\w-]+)', stub)
                                     ^
SyntaxError: closing parenthesis ']' does not match opening parenthesis '('

==========================================
PermiePortal Daily Run — Tue Apr 14 05:00:01 AM UTC 2026
==========================================
./daily.sh: line 21: [: 0
0: integer expression expected
Plants in queue: 0
0
Pests in queue:  0
0

  File "/home/dracos/apps/permieportal/automate.py", line 512
    slug_m = _re.search(r'slug:\s*["']?([\w-]+)', stub)
                                     ^
SyntaxError: closing parenthesis ']' does not match opening parenthesis '('

==========================================
PermiePortal Daily Run — Tue Apr 14 05:20:01 AM UTC 2026
==========================================
./daily.sh: line 21: [: 0
0: integer expression expected
Plants in queue: 0
0
Pests in queue:  0
0

  File "/home/dracos/apps/permieportal/automate.py", line 512
    slug_m = _re.search(r'slug:\s*["']?([\w-]+)', stub)
                                     ^
SyntaxError: closing parenthesis ']' does not match opening parenthesis '('

==========================================
PermiePortal Daily Run — Tue Apr 14 05:40:01 AM UTC 2026
==========================================
./daily.sh: line 21: [: 0
0: integer expression expected
Plants in queue: 0
0
Pests in queue:  0
0

  File "/home/dracos/apps/permieportal/automate.py", line 512
    slug_m = _re.search(r'slug:\s*["']?([\w-]+)', stub)
                                     ^
SyntaxError: closing parenthesis ']' does not match opening parenthesis '('

==========================================
PermiePortal Daily Run — Tue Apr 14 06:00:01 AM UTC 2026
==========================================
./daily.sh: line 21: [: 0
0: integer expression expected
Plants in queue: 0
0
Pests in queue:  0
0

  File "/home/dracos/apps/permieportal/automate.py", line 512
    slug_m = _re.search(r'slug:\s*["']?([\w-]+)', stub)
                                     ^
SyntaxError: closing parenthesis ']' does not match opening parenthesis '('

==========================================
PermiePortal Daily Run — Tue Apr 14 06:20:01 AM UTC 2026
==========================================
./daily.sh: line 21: [: 0
0: integer expression expected
Plants in queue: 0
0
Pests in queue:  0
0

  File "/home/dracos/apps/permieportal/automate.py", line 512
    slug_m = _re.search(r'slug:\s*["']?([\w-]+)', stub)
                                     ^
SyntaxError: closing parenthesis ']' does not match opening parenthesis '('

==========================================
PermiePortal Daily Run — Tue Apr 14 06:40:01 AM UTC 2026
==========================================
./daily.sh: line 21: [: 0
0: integer expression expected
Plants in queue: 0
0
Pests in queue:  0
0

  File "/home/dracos/apps/permieportal/automate.py", line 512
    slug_m = _re.search(r'slug:\s*["']?([\w-]+)', stub)
                                     ^
SyntaxError: closing parenthesis ']' does not match opening parenthesis '('

==========================================
PermiePortal Daily Run — Tue Apr 14 07:00:01 AM UTC 2026
==========================================
./daily.sh: line 21: [: 0
0: integer expression expected
Plants in queue: 0
0
Pests in queue:  0
0

  File "/home/dracos/apps/permieportal/automate.py", line 512
    slug_m = _re.search(r'slug:\s*["']?([\w-]+)', stub)
                                     ^
SyntaxError: closing parenthesis ']' does not match opening parenthesis '('

==========================================
PermiePortal Daily Run — Tue Apr 14 07:20:01 AM UTC 2026
==========================================
./daily.sh: line 21: [: 0
0: integer expression expected
Plants in queue: 0
0
Pests in queue:  0
0

  File "/home/dracos/apps/permieportal/automate.py", line 512
    slug_m = _re.search(r'slug:\s*["']?([\w-]+)', stub)
                                     ^
SyntaxError: closing parenthesis ']' does not match opening parenthesis '('

==========================================
PermiePortal Daily Run — Tue Apr 14 07:40:01 AM UTC 2026
==========================================
./daily.sh: line 21: [: 0
0: integer expression expected
Plants in queue: 0
0
Pests in queue:  0
0

  File "/home/dracos/apps/permieportal/automate.py", line 512
    slug_m = _re.search(r'slug:\s*["']?([\w-]+)', stub)
                                     ^
SyntaxError: closing parenthesis ']' does not match opening parenthesis '('

==========================================
PermiePortal Daily Run — Tue Apr 14 08:00:01 AM UTC 2026
==========================================
./daily.sh: line 21: [: 0
0: integer expression expected
Plants in queue: 0
0
Pests in queue:  0
0

  File "/home/dracos/apps/permieportal/automate.py", line 512
    slug_m = _re.search(r'slug:\s*["']?([\w-]+)', stub)
                                     ^
SyntaxError: closing parenthesis ']' does not match opening parenthesis '('

==========================================
PermiePortal Daily Run — Tue Apr 14 08:20:01 AM UTC 2026
==========================================
./daily.sh: line 21: [: 0
0: integer expression expected
Plants in queue: 0
0
Pests in queue:  0
0

  File "/home/dracos/apps/permieportal/automate.py", line 512
    slug_m = _re.search(r'slug:\s*["']?([\w-]+)', stub)
                                     ^
SyntaxError: closing parenthesis ']' does not match opening parenthesis '('

==========================================
PermiePortal Daily Run — Tue Apr 14 08:40:01 AM UTC 2026
==========================================
./daily.sh: line 21: [: 0
0: integer expression expected
Plants in queue: 0
0
Pests in queue:  0
0

  File "/home/dracos/apps/permieportal/automate.py", line 512
    slug_m = _re.search(r'slug:\s*["']?([\w-]+)', stub)
                                     ^
SyntaxError: closing parenthesis ']' does not match opening parenthesis '('

==========================================
PermiePortal Daily Run — Tue Apr 14 09:00:01 AM UTC 2026
==========================================
./daily.sh: line 21: [: 0
0: integer expression expected
Plants in queue: 0
0
Pests in queue:  0
0

  File "/home/dracos/apps/permieportal/automate.py", line 512
    slug_m = _re.search(r'slug:\s*["']?([\w-]+)', stub)
                                     ^
SyntaxError: closing parenthesis ']' does not match opening parenthesis '('

==========================================
PermiePortal Daily Run — Tue Apr 14 09:20:01 AM UTC 2026
==========================================
./daily.sh: line 21: [: 0
0: integer expression expected
Plants in queue: 0
0
Pests in queue:  0
0

  File "/home/dracos/apps/permieportal/automate.py", line 512
    slug_m = _re.search(r'slug:\s*["']?([\w-]+)', stub)
                                     ^
SyntaxError: closing parenthesis ']' does not match opening parenthesis '('

==========================================
PermiePortal Daily Run — Tue Apr 14 09:40:01 AM UTC 2026
==========================================
./daily.sh: line 21: [: 0
0: integer expression expected
Plants in queue: 0
0
Pests in queue:  0
0

  File "/home/dracos/apps/permieportal/automate.py", line 512
    slug_m = _re.search(r'slug:\s*["']?([\w-]+)', stub)
                                     ^
SyntaxError: closing parenthesis ']' does not match opening parenthesis '('

==========================================
PermiePortal Daily Run — Tue Apr 14 10:00:01 AM UTC 2026
==========================================
./daily.sh: line 21: [: 0
0: integer expression expected
Plants in queue: 0
0
Pests in queue:  0
0

  File "/home/dracos/apps/permieportal/automate.py", line 512
    slug_m = _re.search(r'slug:\s*["']?([\w-]+)', stub)
                                     ^
SyntaxError: closing parenthesis ']' does not match opening parenthesis '('

==========================================
PermiePortal Daily Run — Tue Apr 14 10:20:01 AM UTC 2026
==========================================
./daily.sh: line 21: [: 0
0: integer expression expected
Plants in queue: 0
0
Pests in queue:  0
0

  File "/home/dracos/apps/permieportal/automate.py", line 512
    slug_m = _re.search(r'slug:\s*["']?([\w-]+)', stub)
                                     ^
SyntaxError: closing parenthesis ']' does not match opening parenthesis '('

==========================================
PermiePortal Daily Run — Tue Apr 14 10:40:01 AM UTC 2026
==========================================
./daily.sh: line 21: [: 0
0: integer expression expected
Plants in queue: 0
0
Pests in queue:  0
0

  File "/home/dracos/apps/permieportal/automate.py", line 512
    slug_m = _re.search(r'slug:\s*["']?([\w-]+)', stub)
                                     ^
SyntaxError: closing parenthesis ']' does not match opening parenthesis '('

==========================================
PermiePortal Daily Run — Tue Apr 14 11:00:01 AM UTC 2026
==========================================
./daily.sh: line 21: [: 0
0: integer expression expected
Plants in queue: 0
0
Pests in queue:  0
0

  File "/home/dracos/apps/permieportal/automate.py", line 512
    slug_m = _re.search(r'slug:\s*["']?([\w-]+)', stub)
                                     ^
SyntaxError: closing parenthesis ']' does not match opening parenthesis '('

==========================================
PermiePortal Daily Run — Tue Apr 14 11:20:01 AM UTC 2026
==========================================
./daily.sh: line 21: [: 0
0: integer expression expected
Plants in queue: 0
0
Pests in queue:  0
0

  File "/home/dracos/apps/permieportal/automate.py", line 512
    slug_m = _re.search(r'slug:\s*["']?([\w-]+)', stub)
                                     ^
SyntaxError: closing parenthesis ']' does not match opening parenthesis '('

==========================================
PermiePortal Daily Run — Tue Apr 14 11:40:01 AM UTC 2026
==========================================
./daily.sh: line 21: [: 0
0: integer expression expected
Plants in queue: 0
0
Pests in queue:  0
0

  File "/home/dracos/apps/permieportal/automate.py", line 512
    slug_m = _re.search(r'slug:\s*["']?([\w-]+)', stub)
                                     ^
SyntaxError: closing parenthesis ']' does not match opening parenthesis '('

==========================================
PermiePortal Daily Run — Tue Apr 14 12:00:01 PM UTC 2026
==========================================
./daily.sh: line 21: [: 0
0: integer expression expected
Plants in queue: 0
0
Pests in queue:  0
0

  File "/home/dracos/apps/permieportal/automate.py", line 512
    slug_m = _re.search(r'slug:\s*["']?([\w-]+)', stub)
                                     ^
SyntaxError: closing parenthesis ']' does not match opening parenthesis '('

==========================================
PermiePortal Daily Run — Tue Apr 14 12:20:01 PM UTC 2026
==========================================
./daily.sh: line 21: [: 0
0: integer expression expected
Plants in queue: 0
0
Pests in queue:  0
0

  File "/home/dracos/apps/permieportal/automate.py", line 512
    slug_m = _re.search(r'slug:\s*["']?([\w-]+)', stub)
                                     ^
SyntaxError: closing parenthesis ']' does not match opening parenthesis '('

==========================================
PermiePortal Daily Run — Tue Apr 14 12:40:01 PM UTC 2026
==========================================
./daily.sh: line 21: [: 0
0: integer expression expected
Plants in queue: 0
0
Pests in queue:  0
0

  File "/home/dracos/apps/permieportal/automate.py", line 512
    slug_m = _re.search(r'slug:\s*["']?([\w-]+)', stub)
                                     ^
SyntaxError: closing parenthesis ']' does not match opening parenthesis '('

==========================================
PermiePortal Daily Run — Tue Apr 14 01:00:01 PM UTC 2026
==========================================
./daily.sh: line 21: [: 0
0: integer expression expected
Plants in queue: 0
0
Pests in queue:  0
0

  File "/home/dracos/apps/permieportal/automate.py", line 512
    slug_m = _re.search(r'slug:\s*["']?([\w-]+)', stub)
                                     ^
SyntaxError: closing parenthesis ']' does not match opening parenthesis '('

==========================================
PermiePortal Daily Run — Tue Apr 14 01:20:01 PM UTC 2026
==========================================
./daily.sh: line 21: [: 0
0: integer expression expected
Plants in queue: 0
0
Pests in queue:  0
0

  File "/home/dracos/apps/permieportal/automate.py", line 512
    slug_m = _re.search(r'slug:\s*["']?([\w-]+)', stub)
                                     ^
SyntaxError: closing parenthesis ']' does not match opening parenthesis '('

==========================================
PermiePortal Daily Run — Tue Apr 14 01:40:01 PM UTC 2026
==========================================
./daily.sh: line 21: [: 0
0: integer expression expected
Plants in queue: 0
0
Pests in queue:  0
0

  File "/home/dracos/apps/permieportal/automate.py", line 512
    slug_m = _re.search(r'slug:\s*["']?([\w-]+)', stub)
                                     ^
SyntaxError: closing parenthesis ']' does not match opening parenthesis '('

==========================================
PermiePortal Daily Run — Tue Apr 14 02:00:01 PM UTC 2026
==========================================
./daily.sh: line 21: [: 0
0: integer expression expected
Plants in queue: 0
0
Pests in queue:  0
0

  File "/home/dracos/apps/permieportal/automate.py", line 512
    slug_m = _re.search(r'slug:\s*["']?([\w-]+)', stub)
                                     ^
SyntaxError: closing parenthesis ']' does not match opening parenthesis '('
